num,cat_L,cat_M,cat_S,question,question_list,answer,action
0,工作規則,總則,目的,我想知道公司訂的工作規則目的是什麼?,"[我想知道公司訂的工作規則目的是什麼?,請問工作規則存在的目為何?,訂定工作規則的目的為何？,製定工作規則的目的為何？,為什麼要有工作規範？]",裕隆經管企業股份有限公司（以下簡稱本公司）為明確規定勞資雙方權利義務，健全組織制度與管理體制，促使勞資雙方同心協力，共謀事業發展，特依據勞動基準法及相關法令，訂定工作規則。,更新
1,工作規則,總則,適用對象,請問什麼人需要遵守工作守則,"[請問什麼人需要遵守工作守則,工作規則的適用對象為何？]",規則適用於受僱本公司從事工作而獲致工資之員工。,更新
2,工作規則,總則,工作場所,請問公司的工作場所的定義為何?,,因公務需經常前往之集團其他企業據點。,更新
3,工作規則,新進雇用與解雇,雇用原則,請問公司聘僱考量為何?,"[請問公司聘僱考量為何?,請問公司的僱用原則為何?,公司的招聘原則？,公司錄取原則？]",本公司聘僱人員，係以其專業能力、知識與品行操守綜合考量，業經考試(測驗)合格，並奉核定後僱用之。,更新
4,工作規則,新進雇用,新人報到程序,我是剛到的新人，我該注意些什麼？,,可以先確認辦公桌上之物品否都齊全，包括基本文具、電腦、識別證、電話機、印章、名片等物品，如有缺少請再與人資部同仁進行詢問。,更新
5,工作規則,新進雇用,新人報到程序,請跟我說新人報到要攜帶那些文件?,"[請跟我說新人報到要攜帶那些文件?,請問新人報到需要什麼文件?,我是新人，請問要準備什麼？,我是新人，請問要怎麼報到？]","新進員工於接到錄取通知後，應依規定日期至本公司辦理報到手續，逾期未報到者視同勞動契約失效。
新進從業員應於到職一週內繳驗下列各項文件，並確保內容真實：
一、 本公司制訂之工作申請書。
二、 個人身分證正反面正本(核對後發還本人)與影本；如新進員工為外國籍人士，以護照代之。
三、 人事保證書(視職位需要繳交)。
四、 公立醫院(所)或本公司指定醫院之體格檢查表。
五、 智慧財產權歸屬暨保密同意書。
六、 有工作經驗者，前一份工作之服務證明書及薪資證明文件。
七、 最高學歷證明文件，及其他經本公司指定應繳交之學、經歷及其他法有明定或與工作相關證明文件。",更新
6,工作規則,新進雇用,新人報到程序,請告訴我新人的報到程序是什麼？,,"將由人資部同仁於報到首日安排新人教育訓練，針對公司簡介、集團發展歷史、公司規定與福利等進行說明，並認識辦公環境。
完成新人教育訓練後則由所屬部門主管安排相關工作。",更新
7,工作規則,新進雇用,新進人員試用考核,請問有試用期嗎？,"[請問有試用期嗎？,新進人員試用期多久,試用期多長,請問有考核期嗎,新進人員考核期多久,考核期多長]","新進人員自報到日起九十日內為試用考核期，經本公司依其敬業精神、團隊合作、言行合宜度與專業能力、知識等標準考核：
一、 考核通過者即為正式員工，試用期間一併計入工作年資。
二、 考核未通過者，本公司得延長試用一次，期間以六十天為限；或可立即終止勞動契約，並應依勞動基準法第11條、第12條、第13條、第16條、第17條及勞工退休金條例第12條等相關規定辦理，工資發放至停止僱用日為止。",更新
8,工作規則,解雇,勞動契約效力終止,什麼情況下，公司不得隨意終止勞動契約,,員工在產假期間或職業災害醫療期間，本公司不得終止契約。但若本公司遭天災、事變或其他不可抗力致事業不能繼續者，得報主管機關核定後終止勞動契約。,更新
9,工作規則,解雇,勞動契約效力終止,什麼情況下，勞動契約效力會終止,"[什麼情況下，勞動契約效力會終止,僱用後，發現員工何種情事，勞動契約效力會終止,我會不會無故被fire？,表現不好會不會被解僱？,表現不好會不會被fire？,怎樣會被解僱？,怎樣會被fire？,我會被開除嗎？,怎樣會被開除？]","凡具有下列情事之一者，不予僱用為本公司員工，或於僱用後發現下列情事，本公司可於發現後三十日內立即終止勞動契約：
一、 受監護之宣告，尚未撤銷者。
二、 因遭刑事追訴而仍受通緝者。
三、 患有法定傳染病【經公立醫院(所)認定】者。
有下列情事之一者，本公司得依據勞動基準法之規定，經預告員工後終止勞動契約：
一、 歇業或轉讓時。
二、 虧損或業務緊縮時。
三、 不可抗力暫停工作在一個月以上時。
四、 業務性質變更，有減少勞工之必要，又無適當工作可供安置時。
五、 對於所擔任之工作確不能勝任時，包含員工因績效考核不佳已透過員工績效輔導流程而無法有效改善者。",更新
10,工作規則,解雇,經預告終止勞動契約之事由,什麼情況會被資遣,"[什麼情況會被資遣,表現不好會被資遣嗎,我會被資遣嗎？]","有下列情事之一者，本公司得依據勞動基準法之規定，經預告員工後終止勞動契約：
一、 歇業或轉讓時。
二、 虧損或業務緊縮時。
三、 不可抗力暫停工作在一個月以上時。
四、 業務性質變更，有減少勞工之必要，又無適當工作可供安置時。
五、 對於所擔任之工作確不能勝任時，包含員工因績效考核不佳已透過員工績效輔導流程而無法有效改善者。",更新
11,工作規則,解雇,預告期間,預告期間,,"本公司依工作規則規定終止勞動契約者，依下列之規定預告之，未經預告而終止勞動契約者，應發給預告期間之工資：
一、 繼續工作三個月以上未滿一年者，於十日前預告之。
二、 繼續工作一年以上未滿三年者，於二十日前預告之。
三、 繼續工作三年以上者，於三十日前預告之。",更新
12,工作規則,解雇,資遣費計算,如果我被資遣了，有沒有薪水拿？,"[如果我被資遣了，有沒有薪水拿？,被資遣了，還有薪水嗎？,資遣費怎麼算?,資遣費的計算]","本公司依據工作規則終止勞動契約者，將於勞動契約終止日後三十日內，依下列規定發給資遣費：
一、 適用勞動基準法退休金制度之工作年資：
1. 每滿一年發給相當一個月平均工資之資遣費。
2. 工作未滿一年者，依比例計給之，未滿一個月者以一個月計算。
二、 適用勞工退休金條例（勞退新制）退休金制度之工作年資：
每滿一年發給二分之一個月之平均工資，未滿一年者，以比例計給，最高以發給六個月平均工資為限。",更新
13,工作規則,解雇,不經預告終止勞動契約之事由,什麼情況下，公司可以不告訴員工，就解聘,"[什麼情況下，公司可以不告訴員工，就解聘,公司解聘員工可以不用事先告知嗎,公司解聘可以不用事先預告嗎]","凡本公司員工有下列情形之一者，本公司得不經預告終止契約:
一、 訂立勞動契約時為虛偽意思表示，使本公司誤信而有受損害之虞者。
二、 對於本公司主管、本公司主管家屬、本公司之代理人或其他共同工作之員工實施暴行或有重大侮辱之行為者。
三、 受有期徒刑以上刑之宣告確定，而未諭知緩刑或未准易科罰金者。
四、 違反勞動契約或工作規則，情節重大者。
五、 故意損耗機器、工具、原料、產品，或其他雇主所有物品，或故意洩漏雇主技術上、營業上之秘密，致雇主受有損害者。
六、 無正當理由繼續曠工三日，或一個月內曠工達六日者。
員工有下列情況且查證屬實者，即屬前項第四款所稱之「違反勞動契約或工作規則，情節重大」：
一、 挪用公款，或利用職務之便收受賄絡、佣金者。
二、 仿傚上級主管人員簽字或盜用印信圖謀不法利益者。
三、 威脅上級主管人員或撕毀塗改本公司文件者。
四、 對於本公司之災害發生或擴大，居於可防止之地位，無正當理由而不防止，造成本公司重大損失者。
五、 不聽從合理指揮，或怠忽職守，致本公司遭受重大損害者。
六、 洩露本公司及業務相對人之技術上、營業上之秘密，致本公司受有損害者。
七、 故意破壞本公司聲譽者，使本公司遭受重大損失。
八、 使用本公司網路資源(含盜用同仁帳號)，從事非工作業務相關之行為，致本公司遭受財產或非財產之損害者。
九、 故意違抗主管合理命令。
十、 未經本公司許可，為自己或為他人經營或從事與該員工在本公司所職掌業務性質類似之業務。
十一、 對於本公司合法之調動(含調動至集團企業)拒不配合者。
十二、 造謠滋事，煽動本集團員工進行非法罷工等非法爭議手段。
十三、 傳播、張貼、散發煽動性文字、圖畫足資破壞勞資關係者。
十四、 聚眾妨害生產秩序之進行者。
十五、 在工作場所非基於正當防衛而暴力傷害他人者。
十六、 依本公司獎懲規定，一年內累計三大過者。
十七、 參加經行政或司法機關認定之非法組織者。
十八、 偷竊或侵佔同仁或本公司財物及產品。
十九、 在工作場所內賭博者。
二十、 在工作場所對他人，或在私下對於同仁有性騷擾行為情節重大及性侵害之行為者。
二十一、 在工作場所內有敗壞善良風俗之行為者。",更新
14,工作規則,新進雇用與解雇,交接義務,離職要注意什麼？,"[離職要注意什麼？,離職需要交接工作嗎,被解僱，也需要交接工作嗎]","交接義務
如因工作規則第九條及第十二條終止勞動契約，除本公司另行為其他規定外，被解僱之人員仍應依本公司規定辦妥工作交接與相關離職手續。",更新
15,工作規則,出勤規定,工作時間,上班時間為何？,"[上班時間為何？,公司規定工作時間為何？,幾點上班？,上班時間是幾點？,彈性工時]","為減少同仁因擔心上班遲到趕著刷卡的的心理壓力，可以更安全上班，以及兼顧同仁工作與家庭照顧需求，特別規劃彈性工時：
08:30為正常上班時間，08:00~09:00為彈性工時，每日工作時常八小時，早點上班就早點下班，反之亦然；時間計算到分鐘。",更新
16,工作規則,出勤規定,遲到,遲到是幾點?,"[遲到是幾點?,幾點算遲到？,上班時間有彈性嗎?,彈性上班時間是多久?]",08:00~09:00為彈性工時，故超過09:00打卡即為遲到，請假最低時數以半小時為單位。,更新
17,工作規則,出勤規定,加班申請,加班規定,,"本公司有使員工在正常工作時間以外工作之必要者，經勞資會議同意後，得將工作時間延長之。
前項延長員工之工作時間連同正常工作時間，一日不得超過12小時。延長之工作時間，一個月不得超過46小時，但經勞資會議同意後，延長之工作時間，一個月不得超過54小時，每三個月不得超過138小時。本公司僱用勞工人數在三十人以上，依但書規定延長員工工作時間者，應報當地主管機關備查。",更新
18,工作規則,出勤規定,加班申請,要怎麼申請加班？,"[要怎麼申請加班？,是否可以補申請加班?,加班計算單位為何?,怎麼申請加班？]","因工作需要請事前提出申請，經主管核准後始得加班；若因故無法於事前申請，請於規定期限內補申請。延長工作時間以每三十分鐘為計算單位，惟不滿三十分鐘者不列入計算。
於原下班時間後須至少休息三十分鐘，方得開始進行加班。",更新
19,工作規則,出勤規定,加班補償,加班有錢拿嗎？,"[加班有錢拿嗎？,加班費怎麼算？,加班可以換錢嗎,加班能換補休嗎,加班換補休，比例怎麼算,加班換補休，比例是多少?,請問加班換休比例?]","員工加班應給予加班費或補休替代之，其計給標準為：
一、 加班費：悉依勞動基準法規定。
二、 補休：依加班時數一比一計給補休時數。",更新
20,工作規則,出勤規定,加班補償,加班費的計算標準,,"本公司正常工作日延長員工工作時間者，其延長工作時間
之工資依下列標準加給之：
1. 延長工作時間在2小時以內者，按平日每小時工資額加給三分之一以上。
2. 再延長工作時間在2小時以內者， 按平日每小時工資額加給三分之二以上。
3. 因天災、事變或突發事件，延長工作時間者，按平日每小時工資額加倍發給之。
休息日工作之工資發給：
1. 因業務需要，本公司經員工同意於休息日工作者，工作時間在2小時以內者，其工資按平日每小時工資額另再加給一又三分之一以上；工作2小時後再繼續工作者，按平日每小時工資額另再加給一又三分之二以上。
2. 本公司因天災、事變或突發事件之發生，有使員工於休息日工作之必要者，出勤工資之計算方式，依前款規定計給。",更新
21,工作規則,出勤規定,加班補償,加班補休的計算標準,,"依加班時數一比一計給補休時數。
補休應依員工延長工時或休息日工作事實發生時間先後順序補休。
員工如選擇補休，應於補休時數核給後一年內使用完畢。
補休期限，如果超過公司所定之特休假年度之末日者，應以該日為期限之末日。
補休期限屆期或契約終止未補休完畢之時數，依加班工作當日之工資計算標準發給工資。
補休屆期時發給未補休完畢時數工資，於第38條約定給付員工之工資給付日發給。
因契約終止所發給之未補休完畢時數之工資，於契約終止時，本公司應連同第38條應結清之一併給付員工。",更新
22,工作規則,出勤規定,加班時間,請問幾點後算加班,,"員工繼續工作4小時，至少應有30分鐘之休息。
故於原定工作時間後，至少需休息半個小時才可開始進行加班，並以三十分鐘為計算單位。",更新
23,工作規則,出勤規定,例假日加班,例假日有錢領嗎?,"[例假日有錢領嗎?,例假日有工資嗎?,假日上班有錢嗎？]",本公司每七日應有二日之休息，其中一日為例假、一日為休息日，工資照給。,更新
24,工作規則,出勤規定,國定假日,國定假日的定義?,,勞動基準法第三十七條規定之各節日均予放假，工資照給。惟本公司得基於員工休憩、業務營運之需要，將該休假日與工作日對調，對調後原休假日出勤工作，薪資計算與正常工作日出勤相同。,更新
25,工作規則,出勤規定,請假方式,要怎麼請假？,"[要怎麼請假？,可以補請假嗎?,要怎麼請假？]","員工因故需請假者，應事先填寫請假單或口頭敘明理由(事後仍應補假單)，經主管核可後方可離開工作崗位或不出勤；如遇急病或臨時重大事故，得於當日由本人或委託同事、家屬、親友以電話、傳真、E-mail 等方式代為通知單位主管，並應於銷假上班後三日內補辦請假手續。
如需提供請假相關證明，當事人應於三日內提送，各相關單位按權責核定之。未完成請假手續或不具正當理由事後請假者均以曠職論。",更新
26,工作規則,出勤規定,請假最小單位,請問請假最小單位為何?,"[請問請假最小單位為何?,請問請假最少請多長?,我最短可以請多短？]",員工請假原則上以三十分鐘為最小單位；特殊假別有其他限制者，請見工作規則之規定。,更新
27,工作規則,出勤規定,一般請假規則,一般請假規則,,本公司請假條件與給薪方式，詳如工作規則之規定。,更新
28,工作規則,出勤規定,一般請假規則,病假有幾天？,,"一年度內在三十日以內(含)，工資折半發給。
一年度內超過三十日，不給薪。",更新
29,工作規則,出勤規定,一般請假規則,事假有幾天？,,一年度以十四日為限，不給薪。,更新
30,工作規則,出勤規定,一般請假規則,生理假有幾天？,,每月一日為限，工資折半發給。,更新
31,工作規則,出勤規定,一般請假規則,家庭照顧假有幾天？,,"一年度以七日為限，依事假不給薪。
1.以家庭成員預防接種、發生嚴重之疾病或其他重大事故需親自照顧時，方可申請。
2.配偶未就業者，不得申請，但有正當理由者，不在此限。",更新
32,工作規則,出勤規定,一般請假規則,婚假有幾天？,,婚假共有八日，且工資照常給付。,更新
33,工作規則,出勤規定,一般請假規則,產檢假有幾天？,,每孕期提供優於法令的10天產檢假，且工資照常給付。限懷孕本人申請。,更新
34,工作規則,出勤規定,一般請假規則,產假有幾天？,,"為讓同仁產後可以充分休養與照顧新生兒，再安心回工作崗位，公司提供優於法令的產假。(工資照給)
每次分娩：九星期
妊娠三個月以上(含)流產者：四星期
妊娠二個月以上(含)未滿三個月流產：一星期
妊娠未滿二個月流產者：五日",更新
35,工作規則,出勤規定,一般請假規則,陪產檢及陪產假有幾天？,[陪產檢假],夫妻皆於集團公司服務者，提供優於法令的10天陪產檢及陪產假，且工資照常給付。,更新
36,工作規則,出勤規定,一般請假規則,安胎假有幾天,,員工懷孕期間需安胎休養者得申請安胎假，胎修養請假薪資之計算，依病假規定辦理。,更新
37,工作規則,出勤規定,一般請假規則,喪假有幾天？,,"父母、養父母、繼父母、配偶喪亡者：八日
祖父母、子女、配偶之父母、養父母或繼父母喪亡者：六日
曾祖父母、兄弟姊妹及配偶之祖父母喪亡者：三日
喪假工資照常給付。",更新
38,工作規則,出勤規定,一般請假規則,公假有幾天？,,依法令及政府機關規定，其假期視實際需要核訂，並酌給路程假，工資照給。,更新
39,工作規則,出勤規定,一般請假規則,公傷假有幾天？,,"依診斷/住院證明所載門診、治療、住院及建議休養天數。工資扣除勞保之傷病給付後，由公司補足之。
欲申請三天以上(含)者，診斷證明書必須由全民健康保險局認定之地區級以上(含)醫院開立。",更新
40,工作規則,出勤規定,一般請假規則,謀職假有幾天？,,每星期兩日，工資照給。受預告終止勞動契約之員工，可請假另謀他職。,更新
41,工作規則,出勤規定,請假證明文件,請問請什麼假需要請假證明?,"[請問請什麼假需要請假證明?,請問請假需要證明文件嗎?,請假要證明嗎？]",除事假外，員工請假(包括家庭照顧假)須依規定提出正當證明文件，如有虛偽情事其請假期間以曠職論。,更新
42,工作規則,出勤規定,家庭假,家庭假說明,,"本公司除工作規則所列各種假別，另提供優於法令之家庭假，包含祝福假、禮俗假、入學假及敬老假，請假條件與給薪方式規定詳工作規則規範。
您是否有特別想了解哪一假別呢？",更新
43,工作規則,出勤規定,家庭假,祝福假有幾天？怎麼請？,,子女結婚、兄弟姊妹結婚，可於結婚登記或公開儀式當日給予祝福假一天，且工資照常給付。,更新
44,工作規則,出勤規定,家庭假,禮俗假有幾天？怎麼請？,,父母之兄弟姊妹及其配偶喪亡、兄弟姊妹之配偶喪亡、配偶之兄弟姐妹喪亡，可於出殯日給假，工資將折半發給。,更新
45,工作規則,出勤規定,家庭假,入學假有幾天？怎麼請？,"[新生入學,小一入學,小學一年級]","子女小學一年級新生開學第一天給予入學假一天。且工資照常給付，讓同仁不錯過孩子的每個珍貴時刻。
入學假應在其入學一週內請假；夫妻同在本公司上班者，限其中一人請假，並提供相關申請附件。",更新
46,工作規則,出勤規定,曠職,什麼情況算曠職?,"[什麼情況算曠職?,曠職定義是什麼?,怎樣算曠職？]","員工有下列情事之一者，以曠職論：
一、 未辦妥請假手續擅離職守者。
二、 請假期間已屆滿而未續假，或雖申請續假未獲核准者。",更新
47,工作規則,出勤規定,請假規則年度定義,請假規則年度定義?,"[請假規則年度定義?,年度請假怎麼算?,怎樣計算假的天數？]",依工作規則所載各項請假條件，其中所稱「一年度」或「全年」係指員工以當年度到職日起算，計算到下一個到職日的前一天為「一年度」或「全年」。,更新
48,工作規則,出勤規定,特別休假,特別休假有幾天?,"[特別休假有幾天?,特休假有幾天?]","員工連續在本公司服務滿一定期間者，依其工作年資給予特別休假，特別休假均照給工資：
一、 六個月以上未滿一年者，給假三日。
二、 一年以上未滿二年者，給假七日。
三、 二年以上未滿三年者，給假十日。
四、 三年以上未滿五年者，每年給假十四日。
五、 五年以上未滿十年者，每年給假十五日。
六、 工作十年以上者，每一年加給一日，加至三十日為止。",更新
49,工作規則,出勤規定,特別休假中工作年資計算,特別休假中工作年資計算,,工作年資之認定及計算，以員工每年到職日為基準日；凡遇有留職停薪，留職停薪期間之年資不予計算。,更新
50,工作規則,出勤規定,請假規則年度定義,怎樣計算假的天數？,,"請假規則年度定義
工作規則所載各項請假條件，其中所稱「一年度」或「全年」係指員工以當年度到職日起算，計算到下一個到職日的前一天為「一年度」或「全年」。",更新
51,工作規則,出勤規定,特別休假排定原則,什麼是公排特休？,"[什麼是公排特休？,特別休假有排定原則嗎?,請特休有限制嗎?]","特別休假排定原則
員工應以不妨礙工作為原則申請特別休假；惟本公司並得斟酌員工休憩與業務營運之需要，排定協商休假及家庭週日期與天數。",更新
52,工作規則,出勤規定,特別休假未修代償,特休假沒用完能不能拿錢？,"[特休假沒用完能不能拿錢？,特休沒休完能換錢嗎?]",當年度特別休假天數未使用完畢者，於員工當年度到職日前一天，按實際未休天數折算未休假獎金；當年度因退休或離職以致無法休畢特別休假之同仁，得按實際未休天數折算工資給付。,更新
53,工作規則,出勤規定,刷卡,上班與打卡規定,"[請問公司的打卡方式,打卡,刷卡,上班打卡,打卡方式,刷卡方式,臉部打卡]","依規定時間上下班，不得遲到早退，並應親自在指定位置刷卡，不得委託他人代刷或代他人刷卡；不利用上班時間處理私人事務。
公司的打卡方式是使用電子卡片，請在指定的打卡機上刷卡即可完成打卡，亦可使用臉部掃描進行打卡，特別提醒臉部打卡並未同步連線自動門，故如使用臉部打卡仍需攜帶識別證。
若有其他任何疑問，歡迎您向人資部門詢問。",更新
54,工作規則,出勤規定,刷卡,忘記刷卡怎麼辦？,"[忘記刷卡怎麼辦？,忘記刷有次數限制嗎?,打卡調整單,忘記刷卡,忘記打卡,下班沒打卡]","如有當日有出勤紀錄，但上/下班忘記刷卡，可於人資系統填寫「打卡調整單」。
如當日有出勤，但完全沒有打卡紀錄，則填寫「忘打卡申請單」。
上下班之未刷卡次數(含填考勤確認單、遲到或早退)一個月內以兩次為限，自第三次起，每有一次未刷卡(上下班分開計算)則依公司出勤相關規定辦理，詳細內容可詢問人資部同仁。",更新
55,工作規則,出勤規定,協商休假,什麼是協商休假？,"[什麼是協商休假？,協商休假,暑休,家庭週,暑期休假]","為讓同仁在假期上可更加完整，以及做更多規劃，總管理處特別規劃協商休假，配合國定假日時間進行額外放假。
此外，在年度內可視個人需要，在不影響工作及事先經主管同意，安排連續五天特(補)休；加上前後假日，同仁可以運用至少9天假期，陪伴家人或安排家庭旅遊，增進情感。
行事曆註明之協商休假日，將優先使用同仁年度加班抵休天數，若仍有不足則自特休時數扣抵；若前兩項仍有不足，人資部將主動提醒可申請預支下年度特休假，不願意預支者以事假處理。
※ 每年協商休假日期以當年度公告之行事曆為主",更新
56,工作規則,績效考核,績效考核作業,公司有考績嗎？,"[公司有考績嗎？,公司的績效考核為何,考績,績效]","本公司為激勵士氣，確保工作精進，每年定期辦理員工績效考核做為升遷及調薪之依據。
本公司得依據人員之工作績效調整(包含經個別員工書面同意調降)人員之職務、職等，並相應調整其職務加給或考績獎金等給與項目。",更新
57,工作規則,薪資與獎金,薪資發放原則,薪資何時發放？,"[薪資何時發放？,薪水發的時間?]",本公司薪資計算方法，依需要得採計時制、計日制、計月制。給付員工之薪資，每月以發放一次為原則，於每月5日發放前一個月薪資，如發薪日遇例假或休假則提前或順延發放。,更新
58,工作規則,薪資與獎金,考績獎金,考績獎金怎麼計算？,"[考績獎金怎麼計算？,有考績獎金嗎?,公司有考績獎金嗎?]",本公司依員工之年度績效表現發給「考績獎金」，並為逐月隨工資發放。本公司得依據員工年度績效考核結果調整(含調降)此考績獎金之金額。,更新
59,工作規則,薪資與獎金,獎金與紅利,有沒有年終？,"[有沒有年終？,年終怎麼計算?,公司有年終獎金嗎,年終獎金怎麼給]","本公司視盈餘狀況決定年度各項獎金、紅利之發放，發放對象限無過失、發放日仍在職且持續提供勞務者之不定期勞動契約員工；發放基準依對象之工作績效表現而定。
各項獎金與紅利屬恩惠性給與，不列入經常性之工資。",更新
60,工作規則,留職停薪,留職停薪期間之年資,留職停薪期間的年資怎麼算?,"[留職停薪期間的年資怎麼算?,留職停薪期間的年資會計算嗎?]",除法令另有規定外，留職停薪期間之年資不予計算。,更新
61,工作規則,退休,自請退休,何時可以自請退休?,"[何時可以自請退休?,工作多久可以自請退休?,幾歲可以申請退休？]","本公司員工合於下列情形之一者，得自請退休：
甲、 工作滿十五年以上且年滿五十五歲者。
乙、 工作滿二十五年以上者。
丙、 工作滿十年以上且年滿六十歲者。",更新
62,工作規則,退休,強制退休,工作多久會被強制退休,"[工作多久會被強制退休,什麼情況會被強制退休,我覺得裕隆超棒，可以做到老嗎？]","員工有下列情形之一者，本公司得強制其退休：
甲、 年齡滿六十五歲者。
乙、 心神喪失或身體殘廢不堪勝任工作者。
對於擔任具有危險、堅強體力等特殊性質之員工，本公司得報請中央主管機關核准調整前項第一款所規定之年齡，但不得少於五十五歲。",更新
63,工作規則,退休,工作年資與年齡之認定,工作年資與年齡之認定,,"員工服務年資及年齡之認定，以人事紀錄及戶籍記載為準。工作年資之計算，自到職之日起至退休核准所訂生效之日止(留職停薪期間不計入)。員工年齡滿六十五歲符合強制退休之資格者，以服務至屆齡退休當月底為限。
凡之前已在本公司或集團領取過資遣費或退休金而再任職本公司者，自新到職之日起重新計算工作年資。",更新
64,工作規則,服務守則,門禁管制,可以帶朋友參觀公司嗎？,"[可以帶朋友參觀公司嗎？,外人可以進來公司嗎,朋友可以進辦公室嗎]",未經許可，不得私帶親友進入辦公或工作場所。,更新
65,工作規則,服務守則,識別證,識別證遺失了怎麼辦？,"[識別證遺失了怎麼辦？,識別證不見了怎麼辦,員工證遺失了怎麼辦？,員工證不見了怎麼辦]",如識別證滅失，應繳交工本費新台幣200元重新製作。,更新
66,工作規則,留職停薪,申請條件,我被教召了，怎麼辦？,"[我被教召了，怎麼辦？,教召]",應徵召服兵役，得檢附相關證明申請留職停薪，申請期間依役期而定，不得為志願役。,更新
67,工作規則,留職停薪,申請條件,是否有育嬰假？,"[是否有育嬰假？,育嬰假的條件,育嬰假的限制]","本公司員工有符合下列條件者，得檢附相關證明申請留職停薪，申請期間6個月至2年
1.員工任職滿六個月
2.受撫育子女最幼未超過三歲 
3.須於預定留職停薪生效日前三十日提出申請。
4.依家事事件法、兒童及少年福利與權益保障法相關規定與收養兒童先行共同生活，共同生活期間符合前三款條件者。",更新
68,工作規則,留職停薪,申請條件,若沒有病假了，怎麼辦？,,勞工因普通傷病請假超過工作規則所規定之期間，且已無事假或特休時數可抵充者，可申請留職停薪，申請期間至多一年，且需提供之診斷證明書必須由全民健康保險局認定之地區級以上(含)醫院開立。,更新
69,工作規則,留職停薪,申請條件,留職停薪的日期快到了，要注意什麼？,,留職停薪者應於留職停薪事由消滅或期間屆滿前兩週以書面通知(包含e-mail)本公司是否復職，逾期未通知者視為自請離職。除育嬰留職停薪外，因其他事由留職停薪而申請復職者，本公司得視業務之需要安排或調動復職人員之工作與職位。,更新
70,工作規則,退休,退休金之計算,退休金有多少?,"[退休金有多少?,退休金怎麼計算？]",退休金之計算方式，依勞動基準法及勞工退休金條例等法令辦理。,更新
71,工作規則,退休,退休金之申請,退休金如何申請,,"除強制退休之情形外，員工申請退休時，應填具退休申請單呈核，奉核定後始生效。退休金應於員工退休日起三十日內發給之。
適用勞退新制者，由員工本人自行向勞保局申請；員工如於請領退休金前死亡者，應由其遺屬或指定請領人向勞保局請領保險給付。
",更新
72,工作規則,退休,勞退新舊制之適用與銜接,請問公司的勞退新舊制規定?,"[請問公司的勞退新舊制規定?,勞退新舊制會不會影響領取的退休金？]",勞工退休金條例施行前已適用勞動基準法退休規定之員工，於該條例施行後，仍服務於本公司，而選擇適用該條例之退休金制度者，其適用該條例前之工作年資，應予保留，並得繼續適用勞動基準法之退休規定。員工適用勞工退休金條例之退休金制度後，不得再變更選擇適用勞動基準法之退休金規定。,更新
73,工作規則,退休,工作年資與年齡之認定,如果從集團其它的公司來的，年資怎麼計算？,,凡之前已在本公司或集團領取過資遣費或退休金而再任職本公司者，自新到職之日起重新計算工作年資。,更新
74,工作規則,職業災害補償與撫卹,職業災害補償,因公受傷，可以申請職業災害補償嗎?,"[因公受傷，可以申請職業災害補償嗎?,請問職業傷害的補償怎麼算?,請問職業傷害的補償規定為何?]","員工因遭遇職業災害而致死亡、殘廢、傷害或疾病時，本公司應優先以勞保、健保、團體保險或其他由公司支付保險費而得之給付作為補償，前述補償不足為下列補償金額時，再由公司補足之：
1.醫療補償：補償員工受傷或罹患職業病的必需醫療費用。
2.工資補償：員工因醫療期間不能工作時，按其原領工資給予補償。但醫療期間屆滿二年仍未痊癒，經指定之醫院診斷，審定為喪失原有工作能力，且不符合殘廢給付標準者，本公司得一次給付四十個月平均工資後，免除工資補償責任。  
3.殘廢補償：員工終止醫療，經指定之醫院診斷審定其身體遺存殘廢者，按其平均工資及殘廢程度一次給予補償，殘廢標準依勞保條例相關規定辦理。
4.死亡補償：員工因執行本公司指派職務發生職業災害或罹患職業病導致死亡者，依照勞動基準法第五十九條規定，發給四十個月平均工資之死亡補償與五個月平均工資之喪葬費。",更新
75,工作規則,勞工安全衛生,勞工安全衛生,勞工安全衛生規範,,本公司依職業安全衛生法規規定，規範之職業安全衛生工作及事項，員工應遵照相關規定配合辦理。,更新
76,工作規則,勞工安全衛生,勞健保,公司有勞健保嗎,,員工均由本公司依法令規定辦理參加勞工保險、就業保險、勞工職業災害保險及全民健康保險，並享有相關保險給付權利。對於同仁發生各該保險之保險事故時，由本公司依法為其辦理請領保險給付手續。,更新
77,工作規則,性騷擾防治辦法,定義,什麼是性騷擾,,"1. 員工於執行職務時，任何人以性要求、具有性意味或性別歧視之言詞或行為，對其造成敵意性、脅迫性或冒犯性之工作環境，致侵犯或干擾其人格尊嚴、人身自由或影響其工作表現者。
2. 各級主管或因工作關係有管理監督權者利用其工作上的權力、機會或方法對員工或求職者為明示或暗示之性要求、具有性意味或性別歧視之言詞、行為、圖片或其他可供人了解之意思表示，作為勞務契約成立、存續、變更或分發、配置、報酬、考績、陞遷、降調、獎懲等之交換條件。",更新
78,工作規則,性騷擾防治辦法,申訴,性騷擾怎麼申訴,"[性騷擾怎麼申訴,被性騷擾怎麼辦,性騷擾申訴]","性騷擾事件之申訴，應以書面為之。受害人或其法定代理人應自事實發生之日起一個月內向人力資源部提出申訴；必要時並得以口頭、電話、傳真、電子郵件等方式提出，但應於五日內以書面補正。申訴書應載明下列事項：
1. 姓名
2. 部門
3. 身分證字號
4. 申訴日期
5. 相關事實發生日、事實內容、相關事證與人證
6. 有代理人者應檢附委託書，並載明其姓名、身分證字號、住居所、聯絡電話
申訴人於申訴處理委員會作成決定前，得以書面撤回其申訴；其經撤回者，不得就同一事由再為申訴。本公司處理性騷擾申訴案件應以不公開方式為之。",更新
79,工作規則,性騷擾防治辦法,申訴,性騷擾申訴要注意什麼,,"申訴案件有下列各款情形之一者，人力資源部將不予受理：
1. 以口頭、電話、傳真、電子郵件等方式提出申訴，逾期未以書面補正者。
2. 逾申訴期限者。
3. 申訴人非性騷擾事件之受害人或其法定代理人者。
4. 同一事由經申訴決定確定或已撤回後，再提起申訴者。
5. 明顯不屬性騷擾範圍之事件。
6. 無具體之事實內容，或受害人、行為人未具真實姓名而無從查證者。
7. 性騷擾申訴案件如經本○審查不受理時，應於申訴或移送到達之日起 20 日內，以書面通知當事人。",更新
80,工作規則,性騷擾防治辦法,申訴,性騷擾申訴流程,,"性騷擾事件之申訴，應以書面為之。受害人或其法定代理人應自事實發生之日起一個月內向人力資源部提出申訴；必要時並得以口頭、電話、傳真、電子郵件等方式提出，但應於五日內以書面補正。申訴書應載明下列事項：
1. 姓名
2. 部門
3. 身分證字號
4. 申訴日期
5. 相關事實發生日、事實內容、相關事證與人證
6. 有代理人者應檢附委託書，並載明其姓名、身分證字號、住居所、聯絡電話
申訴人於申訴處理委員會作成決定前，得以書面撤回其申訴；其經撤回者，不得就同一事由再為申訴。本公司處理性騷擾申訴案件應以不公開方式為之。
申訴案件有下列各款情形之一者，人力資源部將不予受理：
1. 以口頭、電話、傳真、電子郵件等方式提出申訴，逾期未以書面補正者。
2. 逾申訴期限者。
3. 申訴人非性騷擾事件之受害人或其法定代理人者。
4. 同一事由經申訴決定確定或已撤回後，再提起申訴者。
5. 明顯不屬性騷擾範圍之事件。
6. 無具體之事實內容，或受害人、行為人未具真實姓名而無從查證者。
7. 性騷擾申訴案件如經本○審查不受理時，應於申訴或移送到達之日起 20 日內，以書面通知當事人。",更新
81,工作規則,性騷擾防治辦法,申訴,性騷擾申訴管道,"[性騷擾申訴管道,性騷擾找誰申訴,性騷擾怎麼申訴,遇到性騷擾怎麼辦？]","員工於工作場所遇有性騷擾時，可向人力資源部申訴。
申訴專線電話：02-55909090 分機2512 或2530
申訴專用電子信箱：ylghrm@yulon-group.com
依公司所訂定之性騷擾防治措施、申訴及懲戒辦法之規定辦理。",更新
82,工作規則,性騷擾防治辦法,審議,多久會有結果,"[性騷擾審議要多久？,審議要多久,性騷擾結果要多久？]","委員會對申訴案件應於受理日起三個月內作出成立或不成立之決議。
申訴決定應載明理由，以書面通知當事人，並移請相關單位依規定辦理。",更新
83,工作規則,性騷擾防治辦法,審議,如何申請再議,,"申訴案件經委員會決議後，有下列情形之一者，當事人得向委員會申請再議：
1. 決議與載明之理由顯有矛盾者
2. 依本辦法應迴避之委員參與決定者
3. 為決議基礎之證言、鑑定為虛偽陳述者
4. 為決議基礎之證物，係偽造或變造者
5. 為決議基礎之民事訴訟判決已變更者
6. 發現未經斟酌之證物或得使用該證物者
7. 足以影響原決議之重要證物漏未斟酌者
當事人應於收到原決議之十日內，以書面向委員會提出再議。申評會認為再議無理由者，應維持原申訴決議；有理由者，應變更原決議，並通知當事人及相關單位。再議程序均準用前述審議程序。",更新
84,工作規則,性騷擾防治辦法,處置,性騷擾的懲處,,本公司對於行騷擾事件成立之受害人，將提供必要之扶助；對於受害人本人、證人或其他相關人士均應提供保護措施，避免其遭受報復。員工如經調查確有性騷擾之事實，視情節輕重予以申誡、小過、大過、調職、降級、減少績效獎金或解僱等處分之建議；如經證實有誣告之事實者，亦得對申訴人進行適當之懲處；其涉及刑事責任時，得移送司法機關處理。,更新
85,公司介紹,總管理處,總管理處概況,請問總管理處(公司)有幾個人？,"[請問總管理處(公司)有幾個人？,總管理處(公司)有哪些部門？,總管理處有多少人？,總管理處有幾個部門？,公司有多少員工,公司有多少人,公司有幾個人]",裕隆集團總管理處目前約有80人，並包含八大部門，分別為數位發展部、資訊暨資安部、財務管理部、公共事務部、人力資源部、風險管理部、法務暨智財部以及策略發展部。,更新
86,公司介紹,總管理處,總管理處概況,薪轉銀行,,"目前公司有兩家合作薪轉銀行，跨行轉帳與提款優惠如下。
渣打銀行：每月99次跨行轉帳/提款免手續費
郵局：每月10次跨行轉帳/提款免手續費",更新
87,公司介紹,總管理處,總管理處概況,總管理處的地址？,"[總管理處的地址？,公司的地址，公司在哪？,總管理處地址]",裕隆集團總管理處的地址是：新北市新店區中興路三段3號5樓,更新
88,公司介紹,總管理處,總管理處概況,總管理處的電話？,"[總管理處的電話？,公司的電話，公司聯繫方式？,總管理處電話]",裕隆集團總管理處的電話為02-5590-9090,更新
89,公司介紹,總管理處,總管理處概況,總管理處成立於幾年？,,裕隆集團總管理處成立於2009年,更新
90,公司介紹,總管理處,總管理處概況,裕隆的吉祥物？,"[裕隆的吉祥物？,公司的吉祥物]",裕隆的吉祥物是一隻名為小隆的恐龍,更新
91,公司介紹,裕隆集團,集團概況,請和我介紹裕隆集團,"[請和我介紹裕隆集團,認識裕隆集團,集團簡介,裕隆集團介紹,我想認識裕隆集團]","裕隆集團自 1953 年創立至今，秉持著「以人為本、追求卓越、回饋社會」的信念，深耕臺灣逾一甲子，陪伴台灣走過不同階段的產業發展與經濟轉型，與社會共同見證汽車產業的成長與發展。
一路走來，我們始終以「人」為思考中心，重視與社會互惠、與他人共享的集團精神，透過整合紡織時尚、智慧車輛、營建生活及金融水平四大事業，一步步建立嶄新的移動價值。",更新
92,公司介紹,裕隆集團,集團概況,裕隆集團的創辦人,"[裕隆集團的創辦人,裕隆是誰創立的]",裕隆由嚴慶齡先生所創立，嚴慶齡先生以工業報國為理念，深信重工業才是衡量一個國家發展的標準，於1953年創立了裕隆。,更新
93,公司介紹,裕隆集團,集團概況,裕隆集團的執行長是誰,"[裕隆集團的執行長是誰,裕隆集團的老闆是誰,裕隆集團的董事長是誰]",裕隆集團的董事長為嚴陳莉蓮,更新
94,公司介紹,裕隆集團,集團概況,集團的事業有哪些？,"[集團的事業有哪些？,請問集團有哪些事業體？及業務範疇,裕隆的事業群,裕隆有做什麼產業？]","裕隆集團目前有四大事業體，分別為紡織時尚、智慧車輛、營建生活及金融水平。
紡織時尚包含台元紡織、嘉裕等公司；智慧車輛包含裕隆汽車、中華汽車、納智捷、裕隆日產等公司；營建生活包含裕隆建設、文生開發等公司；金融水平包含裕融企業、格上租車、新安東京海上等公司",更新
95,公司介紹,裕隆集團,集團概況,裕隆有哪些汽車品牌,"[裕隆有哪些汽車品牌,公司有哪些品牌,裕隆汽車品牌]",裕隆集團旗下有納智捷、三菱、Nissan、infiniti、MG等品牌,更新
96,公司介紹,裕隆集團,集團概況,裕隆集團有哪些子公司？,"[裕隆集團有哪些公司,裕隆集團有哪些子公司？,裕隆集團旗下有幾間公司？]","裕隆集團旗下共100多間子公司，而在落實公司治理及授權賦能的原則下，將集團公司劃分為Level1~Level3，其產業包含紡織時尚、智慧車輛、營建生活及金融水平等四大領域。
想更深入了解四大事業領域的哪一個事業群呢？(紡織時尚、智慧車輛、營建生活及金融水平)",更新
97,公司介紹,裕隆集團,集團概況,智慧車輛介紹,"[智慧車輛介紹,汽車事業介紹,智慧汽車介紹,汽車事業,汽車領域,智慧車輛]","裕隆集團一直以來都是台灣移動創新的先行者。旗下擁有裕隆汽車與中華汽車兩大生產製造基地，以智慧工廠為轉型目標、多品牌策略為發展路徑，涵蓋車輛的設計研發、零組件製造、整車品牌再到銷售通路，為消費者提供符合在地需求的車輛及全方位的用車體驗，致力於打造屬於台灣人的移動生活方式。
未來更將以電動化、智慧化、聯網化、共享化的四大方向，積極佈局電動車輛與關鍵零組件的製造技術，以達成碳中和為目標，掌握未來城市的移動鑰匙，開啟連結人、車與生活的全新願景。",更新
98,公司介紹,裕隆集團,集團概況,紡織時尚介紹,"[紡織時尚介紹,紡織事業介紹,紡織事業,紡織領域,紡織時尚]","以台元紡織與嘉裕公司為核心，構建自紡紗、織布、染整、服飾至銷售通路的一體化產銷體系，為因應台灣產業轉型與集團永續發展的需要，我們更積極投入通路強化、數位優化、品牌轉型的三大策略，全面投入高端、平價與高頻次消費的三大市場。

旗下擁有台灣男士西裝領導品牌嘉裕西服、以機能材質為訴求的功能性服飾ZMO，以及代理義大利高級時尚品牌ARMANI，提供消費者涵蓋居家生活、運動休閒與時尚西服等多元化的市場選擇。2021年，更跨足餐飲，打造品牌「勺日」，以複合店型態將時裝時尚品味帶入生活風格，在台北市復興南路開出首家店，2023年又在「NOKE忠泰樂生活」開出首間百貨店，快速拓展餐飲事業版圖。

是否有想更深入了解紡織事業的哪一間公司嗎？(台元紡織、嘉裕)",更新
99,公司介紹,裕隆集團,集團概況,營建生活介紹,"[營建生活介紹,建設事業介紹,營建生活,建設事業,建設領域]","以智慧城市為目標願景、以移動生活為示範核心，善用集團自身的土地資源，創造土地資源活化，建設具整合性、未來性的多功能商城、工業園區、廠房與高級住宅，帶動轉型與產業聚落升級。此外，裕隆集團更投入物業管理產業服務，提供創新的居住體驗，讓住宅生活更有溫度。

指標代表作之一的台元科學園區開發20年，目前已是台灣IC設計重鎮，成為全國最大民間開發的科技園區；坐落於新店的「裕隆城」，涵蓋商業、科技、生活、人文等元素，結合裕隆集團移動價值鏈的服務能量，打造未來城市的生活體驗。

是否有想更深入了解營建事業的哪一間公司嗎？(文生開發、裕隆建設、裕豐公寓大廈管理維護)",更新
100,公司介紹,裕隆集團,集團概況,金融水平介紹,"[金融水平介紹,金融事業介紹,移動事業介紹,金融水平,金融事業,金融領域,移動服務事業群]","從汽車供應鏈本業出發，結合融資、保險、周邊配備、保養維修、租賃、中古車交易再到道路救援，以「行的價值鏈」串起所有交通移動服務的需要，創新移動生活服務的願景藍圖。

同時，我們更跨足能源轉型的道路，為支持綠能產業、響應政府綠色政策，積極佈建汽機車充電樁設備與太陽光電的融資營運，為未來城市的移動生活佈建完善而紮實的基礎。

是否有想更深入了解金融水平事業的哪一間公司嗎？(裕融企業、格上租車、新安東京海上產險、新鑫公司、裕富數位、觔斗雲)",更新
101,公司介紹,裕隆集團,集團概況,裕隆有上市嗎？,"[裕隆有上市嗎？,集團的上市公司,裕隆上市公司]",集團目前有六家上市公司，分別為裕隆(2201)、中華(2204)、裕融(9941)、裕日車(2227)、嘉裕(1525)、江申(1417),更新
102,公司介紹,裕隆集團,集團概況,裕隆集團成立於幾年,"[裕隆集團成立於幾年,裕隆成立於幾年,裕隆創立幾年]",裕隆汽車創立於1953 年，迄今已七十餘年。,更新
103,公司介紹,裕隆集團,集團概況,公司有哪些公益活動,"[公司有哪些公益活動,裕隆集團ESG,ESG,公益活動]","裕隆集團在台灣深耕茁壯至今已逾一甲子，「以人為本、追求卓越、回饋社會」是我們不變的信念。
裕隆集團長期關注人文教育、綠色能源、人權發展等社會議題，我們以聯合國永續發展目標（SDGs）為核心，設立「ESG委員會」，積極擘劃永續發展策略與路徑，協同集團事業體、供應商及合作夥伴，用產業創新積極實踐與社會共好的行動理念。
未來，我們將持續以ESG為參考指引，擘劃深耕台灣的永續行動、貫徹集團營運的價值理念。",更新
104,公司福利與服務,公司服務,總管理處服務,員工服務有什麼,"[員工服務有什麼,我們有什麼服務,員工服務有什麼,員工服務有哪些]","1. 行遍天下大樓每週四有安排視障按摩師，每次20分鐘，如有按摩需求，請洽人資部。
2. 法智部法律問題諮詢，為協助同仁安心工作，每週五10:00~11:00法智部可協助同仁解決法律相關疑問。",更新
105,公司福利與服務,公司服務,總管理處服務,如何預約按摩？,,"提供同仁工作之餘，放鬆身心靈的紓壓按摩。
★ 預約時間：每週一上午09:00開始。
★ 按摩時間：每週四，一次20分鐘。
如需預約按摩服務請洽人資部夥伴，謝謝。",更新
106,公司福利與服務,公司服務,總管理處服務,如何預約法律諮詢？,,"為協助同仁安心工作，每週五10:00~11:00法智部可協助同仁解決法律相關疑問。
如有法律諮詢需求，請提前一週與法智部同仁預約，謝謝。",更新
107,公司福利與服務,公司服務,總管理處服務,公司有提供午餐嗎？,"[公司有提供午餐嗎？,公司有午餐嗎]","公司目前並未提供午餐，但人資部有提供每日代訂午餐服務，亦可至週邊餐廳用餐或攜帶便當。
代訂午餐連結：https://dinbendon.net/do/
登入帳號：ylg；登入密碼：25099079",更新
108,公司福利與服務,公司服務,總管理處服務,我要怎麼訂午餐？,"[我要怎麼訂午餐？,訂餐連結,我要訂午餐,如何訂午餐,午餐,便當,訂午餐,定午餐,定便當,便當]","請於每日10:00前至訂餐平台進行訂購
代訂午餐連結：https://dinbendon.net/do/
登入帳號：ylg；登入密碼：25099079",更新
109,公司福利與服務,公司服務,總管理處服務,午餐費要找誰儲值,"[午餐費要找誰儲值,午餐儲職,午餐費儲職,午餐費沒錢了]","如需儲值午餐費，請洽人資部同仁，謝謝。
亦可透過LINE群組下方圖文選單查看目前餘額",更新
110,公司福利與服務,公司福利,總管理處福利,員工有保險嗎？,"[員工有保險嗎？,員工保險,公司團保,團保,團保內容,團保細項]","公司提供勞工保險、全民健康保險、團體保險；團體保險包含團體定期壽險、住院醫療險、癌症醫療險、門診手術：限額NT$36,000、住院回診：NT$1,200、團體傷害險/傷害醫療",更新
111,公司福利與服務,公司福利,總管理處福利,愛心傘,"[公司有愛心傘嗎,我們有愛心傘嗎]",公司目前沒有提供愛心傘,更新
112,公司福利與服務,公司福利,福委會福利,有哪些福利？,"[有哪些福利？,公司福利有什麼？,公司有什麼福利？,公司福利介紹？,員工福利,公司福利,福利]","公司福利包含：彈性福利、年節福利、生日禮金、福利券、勞動節禮金/禮券、結婚禮金、住院慰問金、喪亡慰問等多項福利。
您有特別想了解的嗎？歡迎直接詢問我唷
也可以點選下方連結，查看完整的福利與服務項目喔
總管理處人才永續行動網頁：https://yulon-group.mystrikingly.com",更新
113,公司福利與服務,公司福利,福委會福利,彈性福利,"[彈性福利,福利金,彈性福利金,彈性金,教育獎學金,購車補助金,健康檢查補助,汽車保修補助,旅遊補助金]","彈性福利金包含：教育福利金 / 購車福利金 / 健康檢查 / 汽車保修福利金 / 旅遊福利 / 格上租車福利金 / 育兒福利金等七項，可跨項或分次請款，合計申請上限約10,000元，未達10,000元依憑證實報實銷。
當年度補助金額與受理日期，依福委會公告為準。",更新
114,公司福利與服務,公司福利,福委會福利,年節福利,"[年節福利,三節福利,三節獎金,春節禮金,端午禮金,中秋禮金,端午節,中秋節,春節,三節]","春節 2,000 元禮金或等值商品；端午/中秋節 1,500 元禮金或等值商品",更新
115,公司福利與服務,公司福利,福委會福利,生日禮金,,"生日當月發放 2,000 元(將直接匯至戶頭)",更新
116,公司福利與服務,公司福利,福委會福利,福利券,,"2,000 元，每季發放 500 元",更新
117,公司福利與服務,公司福利,福委會福利,勞動節禮金/禮券,,"1,500 元(禮券或現金，依每年福委會公告)",更新
118,公司福利與服務,公司福利,福委會福利,結婚禮金,,"2,000 元",更新
119,公司福利與服務,公司福利,福委會福利,住院慰問金,,"一般住院三日以上：2,000 元、因公住院三～七日：2,000 元；七日以上：4,000 元",更新
120,公司福利與服務,公司福利,福委會福利,喪亡慰問金,,"親屬（父母、子女、配偶、配偶父母）：2,000 元；本人：10 萬元",更新
121,公司福利與服務,公司福利,福委會福利,天災事故慰助金,,"● 房屋災害毀損三成以上不及五成：5,000 元。
● 房屋災害毀損五成以上：10,000元。
● 房屋焚燬、坍塌、拆除至不堪居住：20,000 元。",更新
122,公司福利與服務,公司福利,福委會福利,社團補助,,"● 每社團每季補助金額 5,000 元。
● 社團及社員參加對外競賽經費補助，每人以 1,200 元為上限。",更新
123,公司福利與服務,公司福利,福委會福利,退休紀念品,,符合退休條件者，依年資發給紀念品，感謝資深同仁的付出與貢獻。,更新
124,公司福利與服務,公司福利,特約廠商,特約廠商建議,,如有優質的特約廠商推薦，可提供予人資部門，謝謝您。,更新
125,公司福利與服務,公司福利,特約廠商,特約廠商推薦,,如有優質的特約廠商推薦，可提供予人資部門，謝謝您。,更新
126,其他回應,優化建議,總管理處意見信箱,我對集團公司有制度優化的建議，可以透過什麼管道提出？,"[我對集團公司有制度優化的建議，可以透過什麼管道提出？,我遇到了不公平、不合法的事情，有什麼管道可以提出？,我有想要舉報不合法的事情，有什麼管道可以提出？]","您可透過總管理處意見箱匿名回饋：
https://docs.google.com/forms/d/1DqBk3baxezc9Wz8sg4RRQLi9fExexdOIqdupMhJEEkw/viewform?edit_requested=true",更新
127,其他回應,費用報支,費用報支,費用申請,"[費用申請,費用請款,費用報支,我要申請費用,如何請款,如何報支]","費用報支請至EIP系統進行申請
EIP系統：https://eip.yulon-motor.com.tw",更新
128,其他回應,規則路徑,工作規則路徑,Apollo連結與路徑,"[Apollo連結與路徑,人資系統路徑與連結]",Apollo：https://asiaauth.mayohr.com/HRM/Account/Login,更新
129,其他回應,規則路徑,工作規則路徑,EIP連結,,EIP系統：https://eip.yulon-motor.com.tw,更新
130,其他回應,規則路徑,工作規則路徑,DKMS連結,,DKMS：https://dkms.yulon-group.com/ESP,更新
131,其他回應,規則路徑,工作規則路徑,請問工作規則在哪裡,,"如欲查詢工作規則，可至DKMS數位檔案管理系統上查詢
DKMS：https://dkms.yulon-group.com/ESP",更新
132,其他回應,隱藏問題,隱藏問題,今天天氣好嗎？,"[今天天氣好嗎？,今天天氣,今天會下雨嗎？]",這是個好問題，我也很想知道呢！,更新
133,其他回應,隱藏問題,隱藏問題,今天午餐吃什麼？,,我也不知道耶，我們一起來猜猜看吧~,更新
134,其他回應,隱藏問題,隱藏問題,說一個笑話,"[說一個笑話,說笑話,我要聽笑話,講一個笑話]","要成功要做到五個字「特別能吃苦」
而我想我快成功了，因為我已經做到4/5
「特別能吃」",更新
135,國內外出差辦法,總則,適用對象,出差辦法適用對象為何,"[出差辦法適用對象為何,我適用出差辦法嗎]",本公司除長期派駐海外人員外，其他從業員皆適用本辦法。,更新
136,國內外出差辦法,核決權限,出差,出差需要申請嗎,"[出差需要申請嗎,怎麼申請出差]",從業員因業務需要必須出差時，應依核決權限表事先申請並獲核准。,更新
137,國內外出差辦法,核決權限,報支,可以報出差費嗎,"[可以報出差費嗎,可以申請出差費嗎]",出差旅費報支權限，依核決權限辦法中一般費用報支權責辦理。報支者若為出差本人，雖符合前述規定權限，但仍應由上一級權責主管核准。,更新
138,國內外出差辦法,總則,假別認定,出差有假嗎,"[出差的假別是什麼,出差有假嗎]",國內外出差除國內教育訓練認定為公假外，一律以公差認定。從業員奉准出差者，應於EIP系統中填具公差假申請單。,更新
139,國內外出差辦法,國外出差,報支,出差刷卡可以報帳嗎,"[出差刷卡可以報帳嗎,出差刷卡可以報支嗎]",國外出差期間，各類費用之報支應檢附銀行之結匯單為換算標準。若同仁以信用卡支付差旅費用，可檢據信用卡實際匯率證明報支差旅費，但若因信用卡刷卡付費而衍生之費用，則由同仁自行負擔。若無檢據資料，則概依出差期間之平均匯率結算報支費用。平均匯率計算方式則依台灣銀行現金匯率之盤後賣出牌告匯率為基準。,更新
140,國內外出差辦法,國內出差,報支,出差交通費有補助嗎,"[出差餐費、伙食費有補助嗎,出差交通費有補助嗎]",於當日往返者，得按實報支交通費及膳費補助。膳費補助報支時間早餐為當日上班前三十分鐘出發；午餐為十二時，晚餐為下班後三十分鐘返回，始可報支該餐膳費補助。非當日往返者，得按實報支交通費及膳宿費。膳宿費計算，自起程當日起， 至返回當日止，按實際天數報支。如出差中因私事請假者，請假期間不得報支膳宿費。凡已獲得提供膳食、交通或住宿者，不得再報支該項費用。,更新
141,國內外出差辦法,國內出差,報支,住宿費超支可以報帳嗎,"[住宿費超支可以報帳嗎,住宿費超支可以報支嗎]",經理級以下人員陪同外賓或經理級(含) 以上主管出差，如因業務需要致住宿費超過報支標準時，須呈報經理核准，且於報支單中出差事由欄註明為陪同人員，得檢據按實報支。,更新
142,國內外出差辦法,國內出差,報支,出差可以搭什麼車,,國內出差交通費用，除短途公共汽車外，應檢據報支。國內出差搭乘車輛以搭乘大眾公用交通工具為原則，但因緊急公務並經主管核准者可搭乘計程車。國內出差得駕駛公務車或自有車輛，駕駛自有車輛之里程數，以「UrMap(網址：www.urmap.com.tw)」所查詢到之起迄地址里程數作為油資補貼之報支依據。若同一日需至多個地點出差者，應於國內出差旅費報支單(參照附件2-1)分段註明里程數，里程數未滿一公里之尾數不計。,更新
143,國內外出差辦法,國內出差,報支,出差油錢可以報帳嗎,"[出差油錢可以報帳嗎,出差油錢可以報支嗎]",國內出差駕駛自有車輛之油資補貼，由公司每半年(每年1/1、7/1)依當天中油95無鉛汽油油價，按「中油公告95無鉛汽油油價/10+2.5元」計算每公里補助金額並公告之 (計算至小數點後一位，其餘四捨五入) 。如前項半年內依自駕補助公式計算的金額比基準日(每年1/1、7/1)高出0.5元，則於次月即時反應，亦即依次月1日中油公告95無鉛汽油油價以及自駕補助公式計算補助金額。,更新
144,國內外出差辦法,國內出差,報支,出差電話費可以報帳嗎,"[除了住宿、交通還有什麼可以報帳,出差電話費可以報帳嗎]",因業務需要之傳真、電話、郵資費、及過路費與停車費等得檢據按實報支。,更新
145,國內外出差辦法,國內出差,報支,出差報帳有期限嗎,"[出差報帳有期限嗎,出差報支有期限嗎]",膳宿費結報均應填寫國內出差旅費報支單，於出差任務完成且返回後七日內結案。,更新
146,國內外出差辦法,國內出差,出勤,出差可以報加班嗎,"[出差可以報加班嗎,出差可以申請加班嗎]",國內出差，因公務或交通逾時返回工作地區，致超過正常工作時間，並有正當理由證明及出勤紀錄且經權責主管核准者，得依規定申報加班。,更新
147,國內外出差辦法,訓練研習,報支,上課、訓練、研討會可以報出差嗎,"[上課、訓練、研討會可以報出差嗎,上課、訓練、研討會可以申請出差嗎]",參加本公司自行舉辦之內部訓練或公司在外部場地舉辦之訓練課程，學員一律不得報支出差旅費。但由本公司派訓單位核准之個案，參加外界機構主辦之各項國內訓練或講習者，於繳交心得報告至人資單位後，得依規定檢據核實報支交通費及宿費，但訓練機構己提供住宿者，則不得報支宿費；另膳費一律不得報支。,更新
148,國內外出差辦法,訓練研習,出勤,上課、訓練、研討會可以報加班嗎,"[上課、訓練、研討會可以報加班嗎,上課、訓練、研討會可以申請加班嗎]",參加本公司自行舉辦之內部訓練、外部訓練及各部門派至外界機構主辦之各項國內訓練或講習者，因屬個人技能、知識之提升，故工程行政職及技能職人員如於非上班時間(含假日)上課者一律不得申報加班。,更新
149,國內外出差辦法,國外出差,報支,國外出差住宿費、伙食費怎麼算,,"1. 國外出差膳宿費之計算，依核准總天數(含路程天數)計算，如出差期間須延長者，依補簽奉核之總天數計算。如因私事請假者，其請假期間不得報支膳宿費。參加國際性會議或講習研修，以主辦單位安排日程及所需路程日數為出差起迄日數，支領出差旅費。國外出差人員日支生活費採膳宿費分開報支，且不得將宿費未超過規定之餘額併入膳雜費計算。
2. 國外出差地區若有供宿不供膳者，僅支給膳雜費；供膳不供宿者，僅支給住宿費。如公司或旅館免費提供膳食或參加公司宴客用膳者，當日膳雜費需依早餐10%、中餐20%、晚餐20%之比例自日支膳雜費中扣除。
3. 國外出差人員住宿以公司宿舍為優先，若宿舍不足時，以特約飯店為主要選擇，無特約飯店之地區，依住宿費報支標準規定辦理。
4. 宿費檢據按實報支，但於返國當日不發生住宿事實時，則僅能支給膳雜費。宿費報支僅限住房費與服務費，需檢附收據或發票與費用明細表報支，其餘於飯店中的消費如通訊、餐飲、洗衣等等，不得納入宿費報支。
5. 在同一海外地區或城市連續駐留達一個月以上者，自第二個月起，日支生活費(含住宿費及膳雜費)按八折支給；期間返台休假、開會等時間計入連續駐留計算。
6. 國外出差交通費應檢據按實報支，若未能檢據報支部分應書面說明並列入超額給付計算內，納入個人所得稅計算範圍。國外出差單位若有提供交通者，不得再報支交通費。",更新
150,國內外出差辦法,國外出差,報支,國外出差生活費有補助嗎,,各地區之補助皆依最新版之中央政府各機關派赴國外各地區出差人員生活費日支數額表x70%為日支生活費上限，唯經理級(含)以上主管之國外出差住宿費得檢據按實報支；副理級(含)以下人員如因業務需要並經協理級(含)以上主管核准者，始得檢據按實報支。考量現況，出差俄羅斯切爾克斯克之膳雜費，採俄羅斯所有地區(含其他)生活費日支數額平均值*0.8*21%計算。,更新
151,國內外出差辦法,國外出差,報支,國外出差住宿費超過怎麼辦,,"甲、出差住宿地點之安排以靠近出差地點為原則。如發生下列情況致超過住宿費支給標準時，經權責系統協理級(含)以上主管核定後，檢據按實報支。
1. 陪同協理級(含) 以上人員出差，出國前於簽辦單上註明並經核准者。
2. 因緊急或特殊情況由個人自行安排住宿時。
3. 受邀參加多國性之國際會議、活動者，須檢附邀請函、行程表、住宿旅館等資料，經專案核准者。
乙、凡宿費報支超過規定支給標準者，須於報支單中之出差事由欄註明原因， 並依上述核決權限核准後，始得報銷出差旅費。",更新
152,國內外出差辦法,國外出差,報支,國外出差飛機艙等,,"1.總經理依頭等艙報支。
2.副總經理主管依商務艙報支。
3.協理級(含)以下人員依經濟艙報支。
4. 陪同副總級 (含) 以上主管出國之各級人員，如有需要經專案獲准者，即可比照所陪同之主管搭乘同等級之艙位。",更新
153,國內外出差辦法,國外出差,報支,國外出差禮品報帳,,國外出差禮品費按職位區分，以不超過最高限額檢據按實列支。若因業務需要致贈禮費超過規定限額部分，應於國外出差簽文中列明。另技術指導性質之國外出差不得報支禮品費。,更新
154,國內外出差辦法,國外出差,出勤,需要調時差怎麼辦?,,搭乘飛機由國外出差地返國時，如須通過國際換日線且出差地點與台灣兩地時差超過8小時以上，飛機著陸時間在台灣下午八時以後者，返台次日因出差人員需調整時差，准予公假一天，非前述情況出差者次日一律上班。,更新
155,國內外出差辦法,國外出差,出勤,國外出差可以報加班嗎,,從業員至國外出差，因加班事實難以認定，故一律不得支領加班費；亦不得申請補休。,更新
156,國內外出差辦法,國外出差,報支,國外出差費報帳有期限嗎,,國外差旅費之結報，應檢附國外出差申請單影本，並填具出差結案報告經主管確認後，填寫國外出差旅費報支單，於返國七日內結案。,更新
157,國內外出差辦法,國外出差,報支,去大陸短期技術支援,,凡應大陸轉投資公司需求前往短期技術指導支援，同仁請勿代墊機票、證照、保險當地交通、當地住宿等費用，此類國外差旅費用報支僅限台灣端交通費與出差期間膳雜費。,更新
158,國內外出差辦法,海外研修,結案報告,參加海外研修需要準備什麼,,國外出差若符合海外研修之定義者，需於結案申報時附上研修報告，交由人資單位留檔備查。,更新
159,國內外出差辦法,總則,稅務,出差的稅務怎麼處理,,本辦法涉及之稅務問題依相關稅法規定辦理。,更新
160,國內外出差辦法,總則,報支,出差多個地方怎麼報帳,,公差人員一日內跨越兩地區或兩地區以上者，其生活費日支數額均以當日住宿之地區為報支數額，不得重複。,更新
161,獎懲規定,獎懲,等級,獎懲有哪些,,"1. 嘉獎與申誡、小功與小過、大功與大過同等級。
2. 三次嘉獎換算一次小功，三次小功換算一次大功。
3. 三次申誡換算一次小過，三次小過換算一次大過。
4. 同一年度內同等級功過可以相抵。",更新
162,獎懲規定,獎懲,獎勵,嘉獎會加薪嗎,"[嘉獎會加薪嗎,獎懲會加薪嗎]","1. 嘉獎／申誡一次：加給／扣減一日薪之金額。
2. 小功／小過一次：加給／扣減三日薪之金額。
3. 大功／大過一次：加給／扣減九日薪之金額。
4. 一日薪之金額等於獎懲定案後，當月之月全薪／30。
獎勵於當月份薪資結算，懲處則於當年的三節獎金或年終獎金中扣除；離職、資遣或除名者，則於其最後薪資結算中扣減。",更新
163,獎懲規定,獎懲委員會,成員,獎懲委員會是什麼,"[獎懲委員會是什麼,獎懲委員會有哪些成員]","獎懲委員會：
1. 主任委員：由協理或副總經理擔任。
2. 委員：由至少3位經理級(含)以上主管擔任；如為獎懲案當事人之主管或利害關係人，審定該案時應予迴避。
3. 幹事：由人力資源單位人員擔任，無表決權。
4. 獎懲委員會需1/2(含)以上委員出席，並經出席委員1/2(含)以上同意，方能提出獎懲建議。
5. 召開獎懲委員會時，得邀請受獎懲人員所屬單位或業務相關單位主管或案件關係人列席說明。
6. 經獎懲委員會審定獎懲事由不成立時，相關單位得於審定後一週內重新補充說明並提出複審，惟複審以一次為限。
7. 獎懲委員會審議案件之方式及程序，由委員會自行訂定。
8. 獎懲委員會之會議紀錄應載明受獎懲人員之單位、姓名、工號及獎懲建議與理由，並由出席委員簽名確認。",更新
164,獎懲規定,獎懲事蹟,嘉獎,怎樣會被記嘉獎,,"有下列事蹟之一者，得予以嘉獎：
1. 工作努力、改善創新、操守廉潔，堪為模範者。
2. 在限定時間內完成急要任務者。
3. 其他有利於公司或公眾利益，應予嘉獎者。",更新
165,獎懲規定,獎懲事蹟,小功,怎樣會被記小功,,"有下列事蹟之一者，得予以小功：
1. 對生產技術或管理制度建議改進，經採納施行有顯著成效者。
2. 愛惜公物、節約公司成本頗有成效者。
3. 遇有災變，勇於負責，處置得宜者。
4. 檢舉違規或檢舉損害公司利益經查屬實者。
5. 其他較大功績，應予小功者。",更新
166,獎懲規定,獎懲事蹟,大功,怎樣會被記大功,,"有下列事蹟之一者，得予以大功：
1. 遇有意外事件或災變，奮不顧身，不避危難，因而確保人員、財物安全者。
2. 維護公司重大利益，使財物免遭損失者。
3. 其他重大功績，應予大功者。",更新
167,獎懲規定,獎懲事蹟,申誡,怎樣會被記申誡,,"有下列情事之一經查證屬實者，得予以申誡：
1. 在工作時間經常閒聊、嬉戲或從事非公司相關工作者。
2. 在工作時間內擅離工作崗位者。
3. 因過失致發生錯誤情節輕微者。
4. 妨害工作秩序或違反安全衛生守則者。
5. 初次不遵從主管人員合理之指揮者。
6. 浪費公物情節輕微者。
7. 出入辦公室不遵守規定或攜帶物品出入辦公室拒絕警衛查詢者。
8. 未經許可攜帶不必要物品進入辦公室者。
9. 破壞環境衛生者。
10. 在工作時間內閱讀與工作無關之書籍報章雜誌小說者。
11. 未經許可私自運用本公司網路，傳送與工作無關之資料，內容涉及情色意涵、政治立場或誹謗性言論者。
12. 其他不當行為，應予申誡者。",更新
168,獎懲規定,獎懲事蹟,小過,怎樣會被記小過,,"有下列情事之一經查證屬實者，得予以小過：
1. 對上級指示或有期限之命令，未申報正當理由而未如期完成或處理不當者。
2. 因疏忽致機器設備或物品材料遭受損害或傷及他人者。
3. 在工作場所喧嘩嬉戲、吵鬧、妨害他人工作者。
4. 未經許可擅帶非本公司同仁進入辦公區者。
5. 攜帶危險物品入辦公區者。
6. 在公司指定之吸煙區外吸煙者。
7. 投機取巧隱瞞矇蔽或謀取非分利益者。
8. 對同仁惡意攻訐或誣告、偽證，製造事端者。
9. 對於主管或同仁於意見不合或口語爭吵後，以肢體非善意碰觸對方。
10. 其他不當行為，應予小過者。",更新
169,獎懲規定,獎懲事蹟,大過,怎樣會被記大過,,"有下列情事之一經查證屬實者，得予以大過：
1. 擅離職守，致生變故，使公司蒙受重大損失者。
2. 不當使用資訊系統、網際網路，影響公司系統資源與效率，情節較重者。
3. 工作中酗酒或滋事，影響秩序者。
4. 遺失重要文件、機件、物件或工具者。
5. 損毀公文或公共文件者。
6. 擅自變更工作方法致使公司蒙受重大損失者。
7. 拒絕服從主管人員之合理指揮監督，經勸導仍不聽從者。
8. 違反安全規定措施致公司蒙受損失者。
9. 造謠生事散播謠言致公司蒙受損失者。
10. 工作時間內怠工或睡覺者。
11. 冒用他人識別證或識別證供他人使用者。
12. 假公濟私，佔用公物者。
13. 無正當理由連續曠工滿二日或每月曠工達四日者。
14. 其他不當行為情節重大，應予大過者。",更新
170,獎懲規定,獎懲事蹟,情節嚴重,如果情節嚴重會怎麼樣,,"符合工作規則或相關法令得不經預告終止勞動契約情事者，可依需要召開獎懲委員會，查證其不當行為，依相關程序終止勞動契約。
有關獎懲事項之審酌，公司得視其情節輕重及影響範圍予以加重或減輕。
如不當行為已涉及犯罪者，除依本規定懲處外，並視情節輕重，移送法辦。",更新
171,從業人員晉升辦法,總則,定義,職等有哪些,,本公司之職等自0至12職等，職位之設置依工作任務區分為主管職、專業職與非主管。,更新
172,從業人員晉升辦法,晉升,晉升限制,晉升規定是什麼,"[晉升規定是什麼,升職規定是什麼,升等規定是什麼,升遷規定是什麼]","職等晉升係指依上列職等職位表晉升職等，例如10等晉升為9等，每次以晉升一個職等為限。
職位晉升係指依上列職等職位表晉升職位，例如非主管可晉升為專業職或主管職，專業職也可以晉升為主管職；每次以晉升一個職位為限。",更新
173,從業人員晉升辦法,晉升,晉升時機,什麼時候可以升遷,"[什麼時候可以升遷,什麼時候可以升等,什麼時候可以升職,晉升時間,升遷時間,]",於年度考績完成後時統一辦理，每年一月一日生效。,更新
174,從業人員晉升辦法,晉升,晉升資格,晉升的資格是什麼,"[晉升的資格是什麼,晉升資格,晉升要什麼資格,晉升,升遷]","1. 當年度考績2點、1點者不得職等晉升。
2. 職等晉升當年度受記過或三次申誡處分者（功過可相抵）不得晉升。
3. 符合職等晉升基本條件，才具備推薦資格。
4. 晉升8等(含)以下職等，由一級單位主管依當年度晉升比例推薦晉升。
5. 晉升7等(含)以上職等，經一級單位主管推薦後，應送「人評會」評核。
※每一職等晉升條件略有不同，請問您目前是哪一職等呢？",更新
175,從業人員晉升辦法,晉升,晉升資格,升遷的資格是什麼,"[升遷的資格是什麼,升遷資格,升遷要什麼資格]","1. 當年度考績2點、1點者不得職等晉升。
2. 職等晉升當年度受記過或三次申誡處分者（功過可相抵）不得晉升。
3. 符合職等晉升基本條件，才具備推薦資格。
4. 晉升8等(含)以下職等，由一級單位主管依當年度晉升比例推薦晉升。
5. 晉升7等(含)以上職等，經一級單位主管推薦後，應送「人評會」評核。
※每一職等晉升條件略有不同，請問您目前是哪一職等呢？",更新
176,從業人員晉升辦法,晉升,晉升條件,12等晉升的條件是什麼,"[12等以上晉升的條件是什麼,12等的晉升條件,12職等,12等]","12等晉升11等之基本條件：
1. 本職等年資須滿1年。
2. 當年考績點數為3點(含)以上。
3. 至少一種外語能力符合下列標準(或其他經教育部、國際認可之同等能力)：全民英檢(初級)、多益TOEIC(350)、托福ITP(350)、托福iBT(32)、IELTS(2.5)、日文JLPT(N5)、俄語TORFL(基礎)；如考績等條件相近，具兩種以上外語能力者，優先考量職等晉升。外語能力達多益 550分(含)以上或同等外語能力者，其成績永久有效；未達永久有效標準者，其外語能力成績有效期為三年。
4. 推薦晉升權限：一級主管。",更新
177,從業人員晉升辦法,晉升,晉升條件,11等晉升的條件是什麼,"[11等以上晉升的條件是什麼,11等的晉升條件,11等,11職等]","11等晉升10等之基本條件：
1. 本職等年資須滿1年。
2. 當年考績點數為3點(含)以上。
3. 至少一種外語能力符合下列標準(或其他經教育部、國際認可之同等能力)：全民英檢(初級)、多益TOEIC(350)、托福ITP(390)、托福iBT(32)、IELTS(2.5)、日文JLPT(N5)、俄語TORFL(基礎)；如考績等條件相近，具兩種以上外語能力者，優先考量職等晉升。外語能力達多益 550分(含)以上或同等外語能力者，其成績永久有效；未達永久有效標準者，其外語能力成績有效期為三年。
4. 推薦晉升權限：一級主管。",更新
178,從業人員晉升辦法,晉升,晉升條件,10等晉升的條件是什麼,"[10等以上晉升的條件是什麼,10等的晉升條件,10等,10職等]","10等晉升9等之基本條件：
1. 本職等年資須滿1年。
2. 當年考績點數為3點(含)以上。
3. 至少一種外語能力符合下列標準(或其他經教育部、國際認可之同等能力)：全民英檢(初級)、多益TOEIC(400)、托福ITP(410)、托福iBT(40)、IELTS(3)、日文JLPT(N5)、俄語TORFL(基礎)；如考績等條件相近，具兩種以上外語能力者，優先考量職等晉升。外語能力達多益 550分(含)以上或同等外語能力者，其成績永久有效；未達永久有效標準者，其外語能力成績有效期為三年。
4. 推薦晉升權限：一級主管。",更新
179,從業人員晉升辦法,晉升,晉升條件,9等晉升的條件是什麼,"[9等以上晉升的條件是什麼,9等的晉升條件,9等,9職等]","9等晉升8等之基本條件：
1. 本職等年資須滿1年且當年度考績點數為4點(含)以上，或本職等年資須滿2年且當年度考績點數為6點(含)以上。
2. 至少一種外語能力符合下列標準(或其他經教育部、國際認可之同等能力)：全民英檢(初級)、多益TOEIC(450)、托福ITP(425)、托福iBT(48)、IELTS(3.5)、日文JLPT(N5)、俄語TORFL(基礎)；如考績等條件相近，具兩種以上外語能力者，優先考量職等晉升。外語能力達多益 550分(含)以上或同等外語能力者，其成績永久有效；未達永久有效標準者，其外語能力成績有效期為三年。
3. 推薦晉升權限：一級主管。",更新
180,從業人員晉升辦法,晉升,晉升條件,8等晉升的條件是什麼,"[8等以上晉升的條件是什麼,8等的晉升條件,8等,8職等]","8等晉升7等之基本條件：
1. 本職等年資須滿1年且當年度考績點數為4點(含)以上，或本職等年資須滿2年且當年度考績點數為6點(含)以上。
2. 至少一種外語能力符合下列標準(或其他經教育部、國際認可之同等能力)：全民英檢(初級)、多益TOEIC(500)、托福ITP(440)、托福iBT(56)、IELTS(4)、日文JLPT(N5)、俄語TORFL(基礎)；如考績等條件相近，具兩種以上外語能力者，優先考量職等晉升。外語能力達多益 550分(含)以上或同等外語能力者，其成績永久有效；未達永久有效標準者，其外語能力成績有效期為三年。
3. 推薦晉升權限：副理級主管人評會。",更新
181,從業人員晉升辦法,晉升,晉升條件,7等晉升的條件是什麼,"[7等以上晉升的條件是什麼,7等的晉升條件,7職等,7等]","7等晉升6等之基本條件：
1.  本職等年資須滿2年且當年度考績點數為8點(含)以上，或本職等年資須滿3年且當年度考績點數為10點(含)以上。
2. 至少一種外語能力符合下列標準(或其他經教育部、國際認可之同等能力)：全民英檢(中級)、多益TOEIC(550)、托福ITP(457)、托福iBT(64)、IELTS(4.5)、日文JLPT(N4)、俄語TORFL(第一級)；如考績等條件相近，具兩種以上外語能力者，優先考量職等晉升。外語能力達多益 550分(含)以上或同等外語能力者，其成績永久有效；未達永久有效標準者，其外語能力成績有效期為三年。
3. 推薦晉升權限：一級主管人評會。",更新
182,從業人員晉升辦法,晉升,晉升條件,6等晉升的條件是什麼,"[6等以上晉升的條件是什麼,6等的晉升條件,6等,6職等]","6等晉升5等之基本條件：
1.  本職等年資須滿3年且當年度考績點數為11點(含)以上。
2. 至少一種外語能力符合下列標準(或其他經教育部、國際認可之同等能力)：全民英檢(中級)、多益TOEIC(550)、托福ITP(457)、托福iBT(64)、IELTS(4.5)、日文JLPT(N4)、俄語TORFL(第一級)；如考績等條件相近，具兩種以上外語能力者，優先考量職等晉升。外語能力達多益 550分(含)以上或同等外語能力者，其成績永久有效；未達永久有效標準者，其外語能力成績有效期為三年。
3. 推薦晉升權限：高階主管人評會。",更新
183,從業人員晉升辦法,晉升,晉升條件,5等以上晉升的條件是什麼,"[5等以上晉升的條件是什麼,5等的晉升條件,5職等,5等]","5等晉升4等以上之基本條件：
1.  本職等年資須滿3年且當年度考績點數為12點(含)以上。
2. 至少一種外語能力符合下列標準(或其他經教育部、國際認可之同等能力)：全民英檢(中級)、多益TOEIC(550)、托福ITP(457)、托福iBT(64)、IELTS(4.5)、日文JLPT(N4)、俄語TORFL(第一級)；如考績等條件相近，具兩種以上外語能力者，優先考量職等晉升。外語能力達多益 550分(含)以上或同等外語能力者，其成績永久有效；未達永久有效標準者，其外語能力成績有效期為三年。
3. 推薦晉升權限：高階主管人評會。",更新
184,從業人員晉升辦法,晉升,作業程序,晉升需要什麼程序,"[晉升需要什麼程序,晉升的程序,晉升的流程]","1. 由人資單位初步篩選出符合資格名單，並提供各部門各職等人員比例(依當年度職等人數比例決定)，請各部門主管進行優秀人員推薦；部門主管至多推薦70%＊該職等符合資格人數。
2. 部門主管告知同仁填寫職等晉升申請單，簽核後將推薦晉升資料送交人資單位。 
3. 人資單位進行人員通知及人評會安排。
4. 人評會進行程序。
5.人資單位彙總考評結果並送交總經理批核。
6. 晉升簽呈通過後，由人資單位公告晉升名單。",更新
185,從業人員晉升辦法,晉升,作業程序,升等需要什麼程序,"[升等需要什麼程序,升等的程序,升等的流程]","1. 由人資單位初步篩選出符合資格名單，並提供各部門各職等人員比例(依當年度職等人數比例決定)，請各部門主管進行優秀人員推薦；部門主管至多推薦70%＊該職等符合資格人數。
2. 部門主管告知同仁填寫職等晉升申請單，簽核後將推薦晉升資料送交人資單位。 
3. 人資單位進行人員通知及人評會安排。
4. 人評會進行程序。
5.人資單位彙總考評結果並送交總經理批核。
6. 晉升簽呈通過後，由人資單位公告晉升名單。",更新
186,從業人員晉升辦法,晉升,人評會程序,人評會報告規定,"[人評會報告規定,人評會程序是什麼]","人評會評核程序：
1. 受考人員依人資單位規範製作個人簡報檔案並進行報告，個人報告時間以8分鐘為上限。
2. 評核主管對受考人員進行面談，面談時間以12分鐘為上限。
3. 受考人員的表現，評核主管至多推薦70%受考人員晉升。",更新
187,從業人員晉升辦法,降等,降等條件,怎麼樣會被降等,"[怎麼樣會被降等,會被降等嗎]","1. 連續兩年考績合計3點者，由人資單位直接於年度晉升作業時呈報降等。
2. 連續兩年考績合計4點者，由人資單位彙整資料後，請該部門主管確認是否降等。
經部門主管提報降等者，由人資單位併入年度晉升作業呈核。",更新
188,從業人員晉升辦法,專業職晉升與改敘,資格,晉升專業職的資格,"[晉升專業職的資格,專業職的晉升條件是什麼,專業職的晉升資格是什麼]","晉升專業職資格：需至少符合以下條件之一者
1. 具獨特專業技術，不易短期養成。
2. 具特殊證照，例如：律師。
3. 自外部延攬或自集團公司調任的專業人才。",更新
189,從業人員晉升辦法,專業職晉升與改敘,限制,晉升專業職有限制嗎,"[晉升專業職有限制嗎,晉升專業職有什麼限制,晉升專業職的限制]","1. 各部門所轄各組級單位以一人為專案經理(含)以下之專業職為原則，各組級單位是否可設置專業職，依實際管理需要由高階核示。
2. 專案協理(含)以上之專業職，依實際需要由高階核示。
3. 如因業務需要，須超過員額限制，先會辦人資單位並經人資單位所屬系統最高主管同意後，方可提報請高階核示。",更新
190,從業人員晉升辦法,專業職晉升與改敘,晉升,如何能夠晉升專業職,"[如何能夠晉升專業職,晉升專業職需要什麼流程/程序,怎樣可以晉升專業職,我想晉升專業職]","1. 自非主管晉升為專業職需由部門主管提報，並經相關審查程序後，由總經理核定。
2. 晉升專業職需符合對應職等之考績、外語能力等條件。
3. 新進員工符合資格以專業職核敘者，由人資單位依核決權限呈報。",更新
191,從業人員晉升辦法,專業職晉升與改敘,加給,專業職會加薪嗎,"[專業職會加薪嗎,專業職有職位加給嗎,專業職可以加多少錢]","專案副總職位加給30,000
專案協理職位加給20,000
專案經理職位加給13,000
專案科長職位加給5,000
專員職位加給3,000",更新
192,從業人員晉升辦法,專業職晉升與改敘,改敘,專業職會被改敘嗎,"[專業職會被改敘嗎,什麼情況會被改敘]","專業職有以下情形之一時，得由上一級主管呈報，經總經理核定後取消專業職，並改敘為同職等非主管：
1. 無法配合公司政策進行職務調派。
2. 因重大事故導致無法勝任，或績效表現不佳(例如當年度考績2點以下等)。
3. 因組織業務調整，致縮編專業職員額。
4. 專業職經改敘非主管者，如工作績效表現良好，仍可依機制提報晉升專業職或主管職。",更新
193,從業人員晉升辦法,專業職晉升與改敘,福利,專業職有什麼福利,"[專業職有什麼福利,專業職福利]","專案副總原則比照主管職副總級福利，可依管理需要調整。
專案協理原則比照主管職協理級福利，可依管理需要調整。
專案經理原則比照主管職經理級福利，可依管理需要調整。
專案科長原則比照主管職科長級福利，可依管理需要調整。",更新
194,從業人員晉升辦法,主管職晉升與改敘,資格,主管職的晉升條件是什麼,"[晉升主管職需要具備什麼資格,主管職的晉升條件是什麼]",由高階主管推薦職位晉升人選，經審查並依核決權限呈核，由總經理核定。晉升主管職，須符合對應職等之考績、外語能力等條件。,更新
195,從業人員晉升辦法,主管職晉升與改敘,加給,主管職會加薪嗎,"[主管職會加薪嗎,主管職有職位加給嗎,主管職務會加薪嗎,直管職加薪多少,管理職加多少錢]","總經理職位加給120,000
副總職位加給60,000
協理職位加給40,000
經理職位加給25,000
副理職位加給14,000
科長職位加給10,000",更新
196,從業人員晉升辦法,主管職晉升與改敘,改敘,主管職會被改敘嗎,,"主管職有以下情形之一時，得由上一級主管呈報，經總經理核定後取消主管職位，並改敘為同職等專業職或非主管：
1. 無法配合公司政策進行職務調派。
2. 因重大事故導致無法勝任，或績效表現不佳(例如當年度考績2點以下等)。
3. 因組織業務調整，致縮編主管職缺。
4. 主管職經改敘專業職或非主管者，如工作績效表現良好，仍可依晉升程序提報晉升主管職。",更新
197,長期派駐海外人員管理辦法,派駐規定,規定,海外派駐的規定,"[會被派駐到海外嗎,海外派駐的規定]","1. 為配合本公司海外事業發展需要，凡擔任本公司科長級(含)以上之主管人員，都應接受海外派駐任務，如拒絕接受海外派駐任務，即依工程行政職職等晉升辦法相關規定處理。
2. 本公司科長級以下人員，也應配合本公司海外事業發展需要，並接受海外派駐任務，如拒絕接受海外派駐任務，將不列入晉升主管職人選之考量名單。",更新
198,長期派駐海外人員管理辦法,派駐任期,任期,海外派駐要多久,,派駐海外工作人員，應以簽辦單為依據，其派駐任期依公司需要及個人意願考量以二~四年為一任，經派駐後得視需要簽准縮短或延長。,更新
199,長期派駐海外人員管理辦法,派駐任期,攜眷,派駐海外可以攜眷嗎,,已婚之派駐人員，派駐任期在一年(含)以上者，經向人事單位報備審定後，其配偶子女得隨同派赴派駐單位，且一年內眷屬必須於派駐地累積居住滿八個月(含)以上者。惟經業務需要經專案核准提前返台者，不在此限，否則應賠償公司因攜眷赴任所衍生補助之所有金額。派駐人員於任期屆滿前八個月內，不得申請攜眷赴任。,更新
200,長期派駐海外人員管理辦法,派駐任期,責任,派駐人員有什麼責任,,"1. 派駐人員每週應完成書面工作週報並回報國內控管單位。
2. 派駐人員應協助公司收集派駐地政治、工商、財經、社會、法律等相關資訊並每月定期書面回報國內控管單位。
3. 派駐人員應擔任講師傳承有關派駐地專業、管理等各項工作及參加公司安排之有關經驗交流之座談會。",更新
201,長期派駐海外人員管理辦法,銓敘,考核,派駐期間有考核、晉升、調薪嗎,,"派駐期間考核、晉升及調薪作業，悉依本公司規定辦理：
1. 派駐人員屬工作團隊者，依組織隸屬主管考核並由該團隊最高主管核定，屬個人派駐者參考派駐單位主管考核結果，並由在台所屬主管核定。
2. 派駐人員在本公司中之考績評等及職等、職務晉升，由本公司參照前述考核結果辦理。",更新
202,長期派駐海外人員管理辦法,銓敘,職位,派駐的職位是什麼,,派駐人員在派駐地，得依工作需要給予適當職位，但職稱、薪資之核定，仍依本公司內各項規定為依據。,更新
203,長期派駐海外人員管理辦法,銓敘,報到,派駐要去哪裡報到,,派駐人員經核定後，應於報到時間至派駐單位準時報到，並由派駐單位統一督導、指揮及管理。,更新
204,長期派駐海外人員管理辦法,銓敘,年資,派駐的年資會怎麼算,,派駐人員在派駐工作期間，在本公司之年資仍繼續計算。,更新
205,長期派駐海外人員管理辦法,薪資及相關福利補助,薪資,派駐的薪資怎麼算,"[派駐的薪資怎麼算,派駐的薪水怎麼算]","派駐人員薪資，除原有在台之薪資外，另給予出差費、行李托運、租屋、租屋其他補助及語文訓練等費用補助。
派駐人員在本公司在台之薪資【包括底薪、本薪、職等薪、考績獎金、交通、伙食津貼、職務加給、標準額績效獎金(不含浮動部分)、全勤獎金、專業加給、證照津貼及其他原已有之固定津貼】(原主管在台配車無交通津貼者則薪資恢復交通津貼)、年終獎金、紅利、福利等，均照常給付，並依本公司發薪作業規定，由管理部按時匯入個人在台帳戶。",更新
206,長期派駐海外人員管理辦法,薪資及相關福利補助,出差費,派駐的出差費怎麼算,,"派駐期間，本公司出差費支付標準如下：
1. 派駐大陸地區及菲律賓地區同仁，自2009年4月1日起，出差費每年以折合不超過本人結構月全薪乘以3.6之金額為上限(原主管在台配車無交通津貼者，出差費之結構月全薪恢復交通津貼)。如在派駐地由本公司購車或派駐單位有提供上下班交通工具時，則出差費的結構月全薪應扣除交通津貼。
2. 前項出差費用，需扣除在派駐單位已給付(含加班費)之薪資，由財務部以每月為一期，於次月匯入派駐同仁個人在台帳戶。(派駐當地的薪資以每月平均匯率為計算基準，換算成新台幣金額。)
3. 出差費應隨派駐同仁的結構月全薪異動(如晉升、調薪)而調整。
4. 派駐人員調回本公司時，其支領之出差費及各項補助即予以取消。",更新
207,長期派駐海外人員管理辦法,薪資及相關福利補助,薪資,派駐人員有分紅嗎,,派駐人員於派駐單位支領之年固定薪資(含固定年中或年終獎金)計入出差費上限額度，另與利潤盈餘有關之加發年獎、紅利、獎金及其他有關應支付派駐人員之報酬等均應由派駐單位直接繳回本公司。,更新
208,長期派駐海外人員管理辦法,薪資及相關福利補助,加班費,派駐人員如何申請加班費,"[派駐人員如何申請加班費,派駐人員有加班費嗎]",派駐期間因在海外派駐單位工作，加班事實難以認定，故一律不得申報在台薪資之加班時數。,更新
209,長期派駐海外人員管理辦法,薪資及相關福利補助,所得稅,派駐人員的所得稅怎麼辦,"[派駐人員的所得稅怎麼辦,派駐人員要繳所得稅嗎]",派駐人員於派駐地之所得賦稅，由本公司補助。派駐人員於台灣之所得稅賦由派駐人員自行承擔。,更新
210,長期派駐海外人員管理辦法,薪資及相關福利補助,行李托運費,行李托運怎麼辦,"[行李托運怎麼辦,行李托運可以報帳嗎]","1. 單身赴任者於赴任及期滿返國時各補助一次行李空運費，並於生效日一個月內完成，每次80公斤以下，檢據核實報支。
2. 攜眷赴任者於赴任及期滿返國時各補助一次20呎行李貨櫃海運費，並於生效日一個月內完成，檢據核實報支。",更新
211,長期派駐海外人員管理辦法,薪資及相關福利補助,房屋補助及管理,派駐有租屋補助嗎,,"1. 本公司統一制訂租屋每月補助金額由個人租屋住宿。個人租屋每月補助金額已內含傢俱補助費，不予另行核發傢俱補助費。
2. 給予新派駐人員及因派駐地異動而搬遷之派駐人員一個月內之指定住宿旅館補助費，並且其因新派駐或因派駐地異動而委由當地房屋仲介公司代尋租屋之費用也由公司支付，但應檢據核實報支。爾後因個人因素委由仲介公司租屋者費用由個人吸收。
3. 派駐人員租屋地點應以安全為考量，每一派駐單位派駐人員應於同一社區租屋，租屋之社區由當地最高主管決定之。 
4. 個人租屋之水電費、電視第四台租金、瓦斯費、租屋管理費等費用，由本公司每月補助固定金額，派駐人員不得再另行報支，個人租屋本公司每月其他補助費用。",更新
212,長期派駐海外人員管理辦法,薪資及相關福利補助,辦公設備補助,辦公設備有補助嗎,,派駐人員辦公所需桌上型電腦、文具等由派駐單位提供，另手提電腦由本公司提供，手機通話費則依派駐人員在駐地單位職位等級由該單位每月補助定額予派駐同仁。,更新
213,長期派駐海外人員管理辦法,薪資及相關福利補助,語文訓練費用補助,學語言有補助嗎,"[學語言有補助嗎,語言學習有補助嗎]","凡派駐人員在派駐單位之官方語言非本國(華語)語言時，均得申請此費用補助。若派駐單位已提供語言費用補助，則不得再申請該項費用補助。
1. 派駐人員於赴任前後得憑單據申請至多合計150小時之語文訓練費用或採自修方式憑據申請語文教材補助費，但前二項費用合計最高不得超過新台幣20,000元。
2. 同一種官方語言之派駐單位，以補助一次為限且以一年為申請期限，超過一年未申請者以棄權論。",更新
214,長期派駐海外人員管理辦法,薪資及相關福利補助,交通補助,住宿通勤有補助嗎,,"是指從住宿處或指定地點至上班地點之交通往返費用。其補助規定：
1. 派駐人員在派駐單位之職位有配車者，由派駐單位配車上下班，且本公司給付之出差費取消交通津貼。
2. 派駐大陸地區已由本公司購車使用者，原則上一輛汽車以3~4人共用乘坐上下班，未由本公司購車使用者每月補助RMB700元，且本公司給付之出差費取消交通津貼。
3. 公司已提供大型車輛供上下班使用時，取消出差費中交通津貼。
4. 派駐菲律賓地區由NMPI提供用車(安全考量)，本公司給付之出差費取消交通津貼。",更新
215,長期派駐海外人員管理辦法,醫療與保險,勞健保,勞健保費用怎麼辦,,勞、健保及團保仍由公司繼續加保，勞、健保保費依規定按月於薪資中扣付。,更新
216,長期派駐海外人員管理辦法,醫療與保險,保險,派駐海外有保險嗎,,"1. 派駐期間，本人投保新台幣一千萬元之意外及三十萬之醫療保險(含重病返台保險)，醫療給付不足部份公司負擔。
2. 本公司另替眷探之配偶或眷屬於眷探期間內投保新台幣三百萬元之意外險與三十萬元傷害醫療險，保費皆由本公司全額負擔。",更新
217,長期派駐海外人員管理辦法,醫療與保險,保險,派駐人員有健檢嗎,,派駐人員於派駐前及派駐單位工作滿一年後，每年由本公司安排於返台期間，至指定醫院全身健康檢查一天，檢查費用由本公司負擔。,更新
218,長期派駐海外人員管理辦法,返台及眷探,返台,派駐海外有返台假嗎,"[派駐海外有返台假嗎,多久可以回一次台灣,派駐多久可以回台灣,海外派駐多久能回台灣]",派駐期間得申請返台，自2008年1月1日起，每年提供6張來回機票，供返台及眷探使用。派駐任期未滿一年者，則依派駐期間比例計算機票張數。但派駐任期未滿一年即返台者，經計算派駐期間實際使用之機票張數，如有超出依任期比例應有之張數者，應賠償公司返台相關補助金額。返台時應配合利用派駐單位休假日，如遇派駐地國定長假除留守及有要務外，派駐人員應儘量集體返台。若因公返台者，需合併計算返台次數。,更新
219,長期派駐海外人員管理辦法,返台及眷探,返台,返台假可以用特休嗎,,派駐人員若非於派駐地假期返台時，將開放使用個人特休假。無特休假可使用者，依其他假別(事假等)申請返台。,更新
220,長期派駐海外人員管理辦法,返台及眷探,返台,沒用完的機票怎麼辦,,派駐人員未使用完之返台、眷探機票，不得另行申請機票補助或折合現金。,更新
221,長期派駐海外人員管理辦法,返台及眷探,身分變更,怎麼申請攜眷,"[怎麼申請攜眷,攜眷的申請方式為何]",單身與攜眷赴任之身分變更：派駐人員於派駐期間經報備核准，得申請單身與攜眷赴任身分變更；並於生效日起享有變更後身分之各項費用補助、福利及相關假別。若雖未經申請身份變更，但眷屬居住派駐地為事實者，則以攜眷身份認定，並追溯至眷屬赴派駐地居住日起算攜眷身份。,更新
222,長期派駐海外人員管理辦法,返台及眷探,報支,派駐的費用如何報支/報帳,,符合規定之派駐本人及眷屬所需護照、簽證、住家至機場交通費、兩地機場服務費及派駐地機場至住所交通費，依本公司國內外出差辦法得向本公司檢據核實報支，其餘不得申請報支費用。,更新
223,長期派駐海外人員管理辦法,特殊狀況給假標準,特殊假,派駐期間如果家人、配偶嚴重傷病、生產怎麼辦,,"1. 派駐期間如因父母、配偶、子女嚴重傷病或配偶生產、流產，於檢附證明並經派駐單位權責主管核准後得返台探病，但需併計一次返台機票使用次數，同一事由以申請一次為限。
2. 派駐期間因結婚或親屬喪亡(除依本公司工作規則規定給假外)，應檢附證明並經派駐單位權責主管核准後，再給予二天路程假與往返機票乙張，且不計返台次數。",更新
224,長期派駐海外人員管理辦法,派駐單位派駐人員暫調返本公司任職處理原則,暫調返任,暫調回台灣有什麼影響,,"1. 暫調返任職期間，不計入派駐任期內。派駐任期依暫調返任職期間自動延長。
2. 暫調返任職期間，派駐人員之作息時間依本公司行事曆辦理。
3. 暫調返任職期間，不支給出差費。",更新
225,長期派駐海外人員管理辦法,考勤管理,出勤,派駐海外的出勤怎麼算,,派駐期間出勤體制依派駐單位之出勤體制為準。,更新
226,長期派駐海外人員管理辦法,考勤管理,請假,派駐海外要怎麼請假,,派駐期間，如請事、病假、公差假、眷探或返台等各項假期時，應至EIP填寫請假單。,更新
227,長期派駐海外人員管理辦法,考勤管理,返台假,返台假要多久開始申請,,因返台需購置機票者，應於預定休假前10天依規定完成請假手續，以作為購買機票依據，未按程序規定作業者，管理部得拒絕購買機票。,更新
228,長期派駐海外人員管理辦法,考勤管理,出差費,派駐期間的出差費怎麼算,,派駐人員除因公返台或派駐地假期返台外，其餘返台期間將不支付出差費。於派駐期間如有請事、病假者，出差費之給付標準依本公司結構月全薪之追扣補相關規定辦理。,更新
229,長期派駐海外人員管理辦法,考勤管理,特休,派駐期間特休沒休完怎麼辦,,派駐期間未休完之特休天數，將不折算現金給付之。在派駐前取得尚未休完之各月加班抵休時數及可使用抵休期限天數可保留，在派駐期間不得使用，待回任時恢復其抵休時數及抵休期限，方可繼續使用,更新
230,長期派駐海外人員管理辦法,期滿返台及接任人員管理,任用,派駐人員返台後有什麼任用規定,,"1. 派駐人員任期屆滿返台者，得依當時公司需要，安排至相關單位或借調至關聯企業任職，如無適當單位安排者，則歸建相關單位任職並負責傳承海外經驗。
2. 公司內各單位如有主管缺，應以派駐期滿返台人員優先任用。
3. 派駐前為主管人員，返台後若無適當主管職位，則保留原主管職位一年，期滿後仍無適當主管職位者，則改續為同職等專員。
4. 若一年內仍無適當職位時，則鼓勵以優惠退(休)職外調或轉職外調方式轉關係企業任職。",更新
231,長期派駐海外人員管理辦法,其他相關管理規定,緊急聯絡人,派駐人員要留緊急聯絡人嗎,,派駐期間，派駐人員應指定其家庭之緊急聯絡人，以便聯絡相關事宜。,更新
232,長期派駐海外人員管理辦法,其他相關管理規定,退休,派駐期間可以申請退休嗎,,派駐人員，於派駐期間一律不適用本公司所實施之優惠彈性退休、退職辦法。,更新
233,長期派駐海外人員管理辦法,其他相關管理規定,出差,派駐期間可以申請出差費嗎,"[派駐期間可以申請出差費嗎,派駐可以申請出差費嗎]",派駐人員因派駐單位業務需要出差時(含國內外)，按派駐單位出差相關辦法報支差旅費。,更新
234,長期派駐海外人員管理辦法,其他相關管理規定,差假憑證,派駐期間如何提供憑證,"[派駐期間如何提供憑證,派駐憑證]","派駐單位連絡窗口應協助提供下列資料給管理部，以作為差假憑證及發薪依據：
1. 年初提供派駐單位年度出勤行事曆。
2. 每月初提供所有派駐人員出勤記錄。
3. 每月初提供所有派駐人員在派駐單位所領薪資明細表。",更新
235,長期派駐海外人員管理辦法,其他相關管理規定,義務,派駐人員有什麼義務,"[派駐人員有什麼義務,派駐人員的義務,派駐義務]",派駐人員於派駐期間應以本公司形象為重，不得從事有損本公司聲譽及違反法令規定，或利用此項派職另謀他職之情事。一但發生上述情況，應無條件接受本公司處分，並賠償本公司所受之損失。,更新
236,長期派駐海外人員管理辦法,其他相關管理規定,保密義務,派駐人員的保密義務,"[派駐人員的保密義務,派駐人員保密義務,派駐人員有什麼保密義務]",派駐人員應同意採取必要措施維護其於工作期間所知悉或持有之營業秘密，以保持其機密性，除職務之正當使用外，非經本公司事前書面同意，不得洩露 、告知、交付或移轉予第三人、或對外發表、或為自己或第三人使用、利用該營業秘密。本條所稱之營業秘密，係指本公司或其關係企業所有列為內部傳閱、機密之一切商業上、技術上、生產上或業務上尚未公開之一切文件、資料、產品及其他具有商業或財產價值之物或權利，或本公司依約或法令對第三人負有保密責任之第三人之營業秘密。派駐人員如有違反，並應賠償本公司因此所受之一切損失。,更新
237,長期派駐海外人員管理辦法,其他相關管理規定,智慧財產權,派駐人員的智慧財產權義務,"[派駐人員的智慧財產權義務,派駐人員有什麼智慧財產權義務]",派駐人員在本公司企劃下，就其於業務範圍內所研究發展或創作之任何智慧財產權(包括商標、著作權、專利權等)均以本公司為智慧財產權人，亦即以本公司為著作人、商標權及／或專利權人。,更新
238,公司福利與服務,公司福利,總管理處福利,定期健康檢查,"[健康檢查,員工健檢,定期健檢,定期檢康檢查,員工檢康檢查]",人資部每年皆會評估各醫院健檢項目與費用，並安排總管理處同仁健康檢查。時間通常安排於下半年，確定時間仍待每年公布時間為準。如需其他資訊請洽人資部同仁，謝謝,更新
239,公司介紹,裕隆集團,集團概況,中華汽車,"[中華汽車,中華,中華車]","1969年，成立中華汽車，並與三菱自動車工業株式會社簽訂技術合作合約，加速振興國家經濟。
除有汽車組裝製造，更跨足至自主設計研發，1988年首部自主設計開發的商用車「中華威利」量產上市；1993年跨足轎車市場，菱帥LANCER上市；2010年更跨足綠能產業，首款emoving兩輪電動機車上市。更於2022年代裡MG品牌，為台灣車市注入新血。",更新
240,公司介紹,裕隆集團,集團概況,裕隆日產,"[裕隆日產,裕日,日產]","2003年為擴大與日產的合作，分割為裕隆汽車製造與裕隆日產。
裕隆日產肩負起整合日產國際資源，擴大台灣市場營運規模，以及進軍國際舞台的重要使命。
目前裕隆日產以NISSAN 及 INFINITI 兩大品牌的生產、製作、服務為主",更新
241,公司介紹,裕隆集團,集團概況,納智捷,"[納智捷,Luxgen]","嚴凱泰前執行長以創立台灣自主品牌為畢生志業，毅然在2005年成立華創車電，整合工程中心30年來的研發基礎與台灣ICT產業的優勢，建立整車研發平台。
    2008年，台灣第一個汽車自主品牌「納智捷LUXGEN」正式創立，以前瞻科技為出發點，造就世界第一部智慧科技車的誕生，更是台灣汽車工業升級與產業發展一大里程碑。",更新
242,公司介紹,裕隆集團,集團概況,鴻華先進,"[鴻華先進,鴻華]",鴻華先進成立於2020年，為台灣唯一擁有整車設計開發及系統驗證能力之企業，延續鴻海科技集團與裕隆集團過去數十年來在資通訊產業以及汽車產業的經驗，以CDMS商業模式，透過開放平台的營運模式達成「立基臺灣，放眼全球」的目標，攜手國內資通訊產業及汽車產業邁向國際化，進一步建構下世代電動車產業生態系。,更新
243,公司介紹,裕隆集團,集團概況,台元紡織,"[台元紡織,台元]","1951年由嚴慶齡、吳舜文伉儷創立台元紡織，並配合政府經濟發展計劃，設竹北總廠於新竹縣竹北市。累積數十年的紡紗、織布、染整專業經驗的我們，成為上、下游垂直整合之全方位紡織公司，更是集團日後支持及奠定發展汽車業的重要基礎。
目前以紡織事業、投資事業、資產事業、餐飲事業及品牌經營事業為主",更新
244,公司介紹,裕隆集團,集團概況,嘉裕,"[嘉裕,嘉裕西服,嘉裕公司]","嘉裕自1969年成立，始終本著一貫的「誠信穩健、求新求精」經營理念，期待在固本之餘，更能不斷創新與進步。
嘉裕西服CARNIVAL為現代紳士提供多樣的型格選擇，擁有門市、百貨專櫃、特販…..等營業據點。
自1986年嘉裕公司團體業務部門成立，開始為廣大團體制服市場客戶提供服務，三十年以上的承製團體制服經驗，能夠真正的控制品質與交期，及做工細緻、剪裁講究，訂價平實的口碑。
近年更跨足餐飲事業，創立Tok盡興食光與勺日，兩餐飲品牌。",更新
245,公司介紹,裕隆集團,集團概況,裕豐公寓大廈管理維護,"[裕豐公寓大廈管理維護,裕豐管家,裕豐,裕豐物管]",裕豐公寓大廈管理維護股份有限公司作為裕隆集團旗下子公司，結合集團資源，提供商業大樓與社區大樓之多功能物業管理服務，建立行政管理、機電、園藝、停管...等專業團隊，結合業界優良保安與清潔合作伙伴，提供全方位物業管家服務。並有各項資產招租、資產管理及相關專案等業務規劃、管理運作及修繕維護。建立設備維護與修繕能力，培育機電與修繕人力，降低業主養護成本與提高妥善率，並開拓承接外部客戶合約。,更新
246,公司介紹,裕隆集團,集團概況,裕隆建設,"[裕隆建設,裕建]",裕隆建設於105年成立，為裕隆集團子公司，目前負責土地開發、住宅與商用不動產興建/租賃/銷售以及物業管理等營造產業鏈之服務。,更新
247,公司介紹,裕隆集團,集團概況,文生開發,"[文生開發,文生]","文生開發創立於民國八十年，為裕隆企業集團旗下之房地產專業開發公司。
在「專業整合、創新優勢、滿意服務」的自我鞭策下，歷年來獲得建築金象獎、金琮獎及國家卓越建設獎等榮譽。
近年開發之「台元科技園區」，將台元紡織閒置土地轉型利用，以低密度開發，公園化景觀，人性化管理，為台灣樹立民間開發科技園區新標竿。",更新
248,公司介紹,裕隆集團,集團概況,裕融企業,"[裕融企業,裕融,TAC]",裕融企業為裕隆集團所屬汽車融資公司，初期以新車銷售分期業務為主，透過服務創新拓展業務範疇，在融資領域多元化發展汽車專業金融業務，延伸至企業與消費金融領域，成為專業的融資服務提供者。在汽車水平服務領域，以「行的價值鏈」整合出行、用車、能源等事業體。並將拓展營運範圍至大陸及東南亞地區。,更新
249,公司介紹,裕隆集團,集團概況,格上租車,"[格上租車,格上汽車,格上]","西元1984年成立，並於1999年納入裕隆集團體系，同年領先同業率先通過ISO9001服務認證，現已成為國內最具營運規模及完善服務的租車公司。藉由汽車業的專業服務與行銷的雙重背景，建構完整的租賃服務平台網絡，以租賃服務業第一品牌為自我期許。
服務項目包含長租車、日租車、附駕接送、中古車出售/租賃等",更新
250,公司介紹,裕隆集團,集團概況,新安東京海上產險,"[新安東京海上產險,新安東京海上,新安東京]",1999年新安產險在裕隆企業集團的水平服務策略下正式成立，2005年與原統一安聯產險進行合併，更名為「新安東京海上產物保險股份有限公司」，在擁有日本東京海上與裕隆兩大集團支持下，以客戶的需求為導向，多年來不斷推出最優質的專業商品及貼心服務，並懷抱著永續經營的企業社會責任，積極參與公益活動回饋社會，成為大眾心目中專業且貼心服務的最佳產險公司。,更新
251,公司介紹,裕隆集團,集團概況,新鑫公司,"[新鑫公司,新鑫]","新鑫公司創立於1987年，為裕隆集團金融事業的一份子。透過企業資融、商用車及設備租賃、能源事業等營運項目，新鑫公司逐步建構企業金融全產品線，現今已發展成全方位的企業金融公司。
新鑫公司在台灣的租賃業中，於企業金融領域市占率第二，商用車領域市佔率第一，並以此佳績在2021年底完成公開發行 (證券代號：6871)，未來將持續深耕、多方發展，期能與客戶相互成就永續經營的事業。",更新
252,公司介紹,裕隆集團,集團概況,裕富數位,"[裕富數位,裕富]",裕富數位資融前身為裕融企業股份有限公司商品事業處，2016年4月因應市場多元化需求，並以提供全方位消費金融產品及服務為己任，故成立裕富數位資融股份有限公司，以追求成為消費金融分期產業領導品牌為願景。,更新
253,公司介紹,裕隆集團,集團概況,觔斗雲,"[觔斗雲,觔斗雲聯網科技,LINE GO]","LINE GO 創立於 2017 年，是一個全新的網路叫車服務，運用最新的 Chatbot（聊天機器人）技術，無需下載 APP，以 LINE 提供叫計程車服務。
2019年更名為「LINE TAXI」，串連線上線下生活圈，為用戶提供聰明便捷的生活提案。
2023年結合裕隆正式更名為「LINE GO」 ，並新增了租車服務，為用戶實現了LINE GO 去哪都行！從叫車到租車，用自己的風格移動，走出自己的精彩。",更新
254,公司介紹,裕隆集團,集團概況,裕隆汽車,"[裕隆汽車,裕隆]","嚴慶齡創辦人以工業報國為理念，於1953年創立裕隆汽車，開啟臺灣戰後發展汽車工業的歷史。
裕隆汽車目前以專業汽車、電動車製造與服務為主，主要從事汽車設計、開發試作、整車製作，並產製相關零件作為汽車組裝、維修保養用。
近年更擴及至新能源事業，包括電池模組雷射焊接代工與除能設備等。",更新
255,公司福利與服務,公司福利,福委會福利,彈性福利金申請,"[彈性福利金申請,福利金申請,旅遊補助申請,福利申請,申請福利金]","申請彈性福利金需打上福委會抬頭與統編，方得進行福利金申請，且每年有兩次申請時間，分別為8/1~9/10與11/1~12/10，請於申請截止日前備妥相關資料，提供予協助收件之同仁，並非使用EIP進行費用報支。
詳細申請規範以該年度福委會公告之內容為準

◎ 抬頭：裕隆汽車暨裕隆日產聯合職工福利委員會
◎ 統編：45590261",更新
256,公司福利與服務,公司福利,福委會福利,申請彈性福利金要打統編嗎,,"是的，申請彈性福利金需要打上福委會的抬頭與統一編號。

◎ 抬頭：裕隆汽車暨裕隆日產聯合職工福利委員會
◎ 統編：45590261",更新
257,工作規則,出勤規定,家庭假,敬老假有幾天？,,"為讓同仁可以更好地照顧家中較年長的父母，特別規劃敬老假，舉凡符合以下資格每月皆可申請16小時的敬老假，且工資照常給付。(小時為請假最小單位)
1. 陪同年滿70歲父母就醫。
2. 父母年滿70歲且符合衛福部長照等級2級(含)以上者，可請假居家照護。",更新
258,公司介紹,裕隆集團,集團概況,人才永續行動,,"（一）人才永續核心：以人為本，合作共贏。
（二）人才永續指導原則：群策群力，從H.O.M.E四大面向營造家的環境，促進組織成長。
H - 身心健康(Health & Wellness)：促進員工身心健康，營造和諧工作文化與環境，讓員工可以安心工作。
O - 持續傑出(Outstanding & Sustainable)：提供容錯、可發揮創造力與職涯多元發展的舞台，鼓勵員工持續有更好的表現，以追求成功及實現理想。
M - 激勵發展(Motivate & Development)：提供差異化以及具競爭力的薪酬，並鼓勵員工主動學習，提昇專業能力與職場價值。
E - 公平共融(Equity & Inclusion)：尊重多元性別、族群、年齡，給予公平待遇，重視正直與善良，營造平等共融的友善職場。",更新
259,公司福利與服務,公司福利,總管理處福利,公司福利介紹,"[福利,公司福利]","公司提供多樣化且貼近於您的福利與服務，包含三節禮金/禮品、優於法令的家庭假、紓壓按摩服務等等，歡迎直接詢問任何好奇的福利與服務，我都可以回答您唷。
也可以點選以下連結，前往《總管理處人才永續行動網頁》，查看我們的所有資訊。
總管理處人才永續行動網頁：https://yulon-group.mystrikingly.com",更新
260,公司福利與服務,公司福利,總管理處福利,志工假,,"公司支持同仁參與公益活動、回饋社會，經部門主管同意，參與社會服務(含學校)、公益及慈善團體舉辦之公益活動者，可申請「志工假」。
每人每年有16小時可申請，以小時為申請單位，活動後需提供主辦單位的參與證明作為憑證。",更新
261,公司福利與服務,公司福利,總管理處福利,社會新鮮人保障調薪幅度,"[社會新鮮人,新人調薪,新鮮人保障調薪]",為吸引應屆畢業或進入職場未滿一年的社會新鮮人，保障到職後三年，每年調薪至少3%(從報到隔年度起算，並依在職比例計算調幅)；如當年度調幅未達3％，則補足差額。,更新
262,公司福利與服務,公司福利,總管理處福利,新人特休福利,,新人到職即可提前預支7天特休假，如到職未滿1年離職，則依法令結算並於離職當月薪資扣回；如任職滿一年，則視多出特休天數為給新人的福利。,更新
263,公司福利與服務,公司福利,總管理處福利,裕見好康APP,,為提供裕隆集團同仁更多元且多樣化的福利，特別製作《裕見好康APP》，提供集團優惠商品與服務，讓同仁可以享受到滿滿的集團優惠，同時匯集集團各公司職缺，讓您可以更方便地推薦親朋好友加入。,更新
264,公司福利與服務,公司福利,總管理處福利,安心照護網,,"「安心關懷網」涵蓋同仁最在意的子女托育、同仁與眷屬的健康、長輩照顧。
透過集團公司分工合作，擴展特約、統合資源，相關資訊將於裕見好康APP公告，方便同仁查詢、運用。",更新
265,公司福利與服務,公司福利,總管理處福利,裕苗計畫,,歡迎集團公司同仁介紹子女實習、任職，提供良好的工作環境與發展機會。,更新
266,公司福利與服務,公司福利,總管理處福利,九月新增福利,,"1. 產檢假：優於法令的產檢假，關心同仁孕期健康。 → 10天／全薪
2. 產假：同仁產後可以充分休養與照顧新生兒，再安心回工作崗位。 → 9週／全薪
3. 陪產檢及陪產假：夫妻皆於集團公司服務者，提供優於法令之陪產檢及陪產假。 → 10天／全薪
4. 入學假：子女小一新生開學第一天入學 → 1天／全薪
5. 祝福假：參加子女或兄弟姊妹婚禮 → 1天／全薪
6. 敬老假：(1) 陪同年滿70歲父母就醫。(2)父母年滿70歲且符合衛福部長照等級2級(含)以上者，可請假居家照護。 → 每月16小時/全薪(小時為請假最小單位)
7. 家庭週：在年度內可視個人需要，在不影響工作及事先經主管同意，安排連續五天特(補)休；加上前後假日，同仁可以運用至少9天假期，陪伴家人或安排家庭旅遊，增進情感。
8. 志工假：支持同仁參與公益活動、回饋社會，經部門主管同意，參與社會服務(含學校)、公益及慈善團體舉辦之公益活動者，可申請「志工假」。每人每年有16小時可申請，以小時為申請單位，活動後需提供主辦單位的參與證明作為憑證。
9. 彈性工時：為減少同仁因擔心上班遲到趕著刷卡的的心理壓力，可以更安全上班，以及兼顧同仁工作與家庭照顧需求，規劃彈性工時：
08:30為正常上班時間，08:00~09:00為彈性工時，早點上班就早點下班，反之亦然；時間計算到分鐘。(配合彈性工時，取消上班3分鐘內不計遲到的緩衝機制。)
10. 社會新鮮人保障調薪幅度：為吸引應屆畢業或進入職場未滿一年的社會新鮮人，保障到職後三年每年調薪至少3%；如當年度調幅未達3％，則補足差額。
11. 新人特休福利：新人到職即可提前預支7天特休假，如到職未滿1年離職，則依法令結算並於離職當月薪資扣回；如任職滿一年，則視多出特休天數為給新人的福利。(考量內部公平性，自生效日往前追溯到職未滿一年者一併適用。)",已刪除
267,工作規則,出勤規定,下班時間,下班時間,"[下班時間,幾點下班]",08:00~09:00為彈性工時上班時間，每日工作時常八小時，故早點上班就早點下班，反之亦然。下班時間以每日工作時常計算，時間計算到分鐘。,更新
268,教育訓練,多元共學,集點激勵機制,我目前幾點,"[目前點數,現在點數]",請點選下方圖文選單中的「學習點數查詢」進行查詢,更新
269,教育訓練,多元共學,集點激勵機制,集點辦法,"[集點項目,多元共學點數,學習點數,線上學習,外訓點數,內訓點數,看影片點數]","★ 學習類
1. 提出與個人年度目標連結的學習計畫：10點
2. 每閱讀一本書並完成一份心得（讀書心得需提供予人資）：3點
3. 每參加一門集團公司或跨部門舉辦之實體訓練/學習分享會：5點
4. 每參加一門部門內舉辦之內部轉訓/學習分享會：2點
5. 每完成一門線上學習課程或參加線上外訓（3小時以上）：6點
6. 每完成一門線上學習課程或參加線上外訓（3小時(含)以下）：3點
7. 每參加1門外部機構舉辦之課程/講座/論壇等（3小時以上）：12點
8. 每參加1門外部機構舉辦之課程/講座/論壇等（3小時(含)以下）：6點
9. 每考取一張與職場技能相關的證照：20點
★ 分享類
1. 每擔任一場經驗分享或是外訓後轉訓的講師：10點
2. 於FB學習社團每分享一本書的閱讀心得：5點
3. 於FB學習社團每分享一篇與工作相關的學習資訊，包括新知、學習資源、課程學習心得等：5點
4. 於其他同仁FB學習社團貼文下留言分享個人想法(至少10個字)；同篇貼文記一次點數：2點",更新
270,教育訓練,多元共學,集點激勵機制,我看一本書可以獲得幾點,"[集點辦法,看書,看書點數]","★ 學習類
1. 提出與個人年度目標連結的學習計畫：10點
2. 每閱讀一本書並完成一份心得（讀書心得需提供予人資）：3點
3. 每參加一門集團公司或跨部門舉辦之實體訓練/學習分享會：5點
4. 每參加一門部門內舉辦之內部轉訓/學習分享會：2點
5. 每完成一門線上學習課程或參加線上外訓（3小時以上）：6點
6. 每完成一門線上學習課程或參加線上外訓（3小時(含)以下）：3點
7. 每參加1門外部機構舉辦之課程/講座/論壇等（3小時以上）：12點
8. 每參加1門外部機構舉辦之課程/講座/論壇等（3小時(含)以下）：6點
9. 每考取一張與職場技能相關的證照：20點
★ 分享類
1. 每擔任一場經驗分享或是外訓後轉訓的講師：10點
2. 於FB學習社團每分享一本書的閱讀心得：5點
3. 於FB學習社團每分享一篇與工作相關的學習資訊，包括新知、學習資源、課程學習心得等：5點
4. 於其他同仁FB學習社團貼文下留言分享個人想法(至少10個字)；同篇貼文記一次點數：2點",已刪除
271,教育訓練,多元共學,集點激勵機制,看線上課程可以獲得幾點,"[集點辦法,線上學習點數，影片點數]","★ 學習類
1. 提出與個人年度目標連結的學習計畫：10點
2. 每閱讀一本書並完成一份心得（讀書心得需提供予人資）：3點
3. 每參加一門集團公司或跨部門舉辦之實體訓練/學習分享會：5點
4. 每參加一門部門內舉辦之內部轉訓/學習分享會：2點
5. 每完成一門線上學習課程或參加線上外訓（3小時以上）：6點
6. 每完成一門線上學習課程或參加線上外訓（3小時(含)以下）：3點
7. 每參加1門外部機構舉辦之課程/講座/論壇等（3小時以上）：12點
8. 每參加1門外部機構舉辦之課程/講座/論壇等（3小時(含)以下）：6點
9. 每考取一張與職場技能相關的證照：20點
★ 分享類
1. 每擔任一場經驗分享或是外訓後轉訓的講師：10點
2. 於FB學習社團每分享一本書的閱讀心得：5點
3. 於FB學習社團每分享一篇與工作相關的學習資訊，包括新知、學習資源、課程學習心得等：5點
4. 於其他同仁FB學習社團貼文下留言分享個人想法(至少10個字)；同篇貼文記一次點數：2點",已刪除
272,教育訓練,多元共學,集點激勵機制,參加外訓可以獲得幾點,"[集點辦法,外訓點數]","★ 學習類
1. 提出與個人年度目標連結的學習計畫：10點
2. 每閱讀一本書並完成一份心得（讀書心得需提供予人資）：3點
3. 每參加一門集團公司或跨部門舉辦之實體訓練/學習分享會：5點
4. 每參加一門部門內舉辦之內部轉訓/學習分享會：2點
5. 每完成一門線上學習課程或參加線上外訓（3小時以上）：6點
6. 每完成一門線上學習課程或參加線上外訓（3小時(含)以下）：3點
7. 每參加1門外部機構舉辦之課程/講座/論壇等（3小時以上）：12點
8. 每參加1門外部機構舉辦之課程/講座/論壇等（3小時(含)以下）：6點
9. 每考取一張與職場技能相關的證照：20點
★ 分享類
1. 每擔任一場經驗分享或是外訓後轉訓的講師：10點
2. 於FB學習社團每分享一本書的閱讀心得：5點
3. 於FB學習社團每分享一篇與工作相關的學習資訊，包括新知、學習資源、課程學習心得等：5點
4. 於其他同仁FB學習社團貼文下留言分享個人想法(至少10個字)；同篇貼文記一次點數：2點",已刪除
273,教育訓練,多元共學,集點激勵機制,參加內訓可以獲得幾點,"[集點辦法,內訓點數]","★ 學習類
1. 提出與個人年度目標連結的學習計畫：10點
2. 每閱讀一本書並完成一份心得（讀書心得需提供予人資）：3點
3. 每參加一門集團公司或跨部門舉辦之實體訓練/學習分享會：5點
4. 每參加一門部門內舉辦之內部轉訓/學習分享會：2點
5. 每完成一門線上學習課程或參加線上外訓（3小時以上）：6點
6. 每完成一門線上學習課程或參加線上外訓（3小時(含)以下）：3點
7. 每參加1門外部機構舉辦之課程/講座/論壇等（3小時以上）：12點
8. 每參加1門外部機構舉辦之課程/講座/論壇等（3小時(含)以下）：6點
9. 每考取一張與職場技能相關的證照：20點
★ 分享類
1. 每擔任一場經驗分享或是外訓後轉訓的講師：10點
2. 於FB學習社團每分享一本書的閱讀心得：5點
3. 於FB學習社團每分享一篇與工作相關的學習資訊，包括新知、學習資源、課程學習心得等：5點
4. 於其他同仁FB學習社團貼文下留言分享個人想法(至少10個字)；同篇貼文記一次點數：2點",已刪除
274,教育訓練,多元共學,Hahow,Hahow的連結,"[數位學習平台,線上學習平台,Hahow,Hahow連結]",Hahow線上學習平台連結：ttps://yulon.business.hahow.in/home,新增
275,教育訓練,多元共學,Hahow,Hahow帳號密碼,,"帳號為個人公司信箱；
密碼首次登入為a12345678，首次登入後請修改為自己的專屬密碼。",新增
